
  SET FOREIGN_KEY_CHECKS=0;
  DELETE FROM `model_has_roles`;
  DELETE FROM `model_has_permissions`;
  DELETE FROM `role_has_permissions`;
  DELETE FROM `permissions`;
  DELETE FROM `roles`;
  DELETE FROM `modules`;
  DELETE FROM `menu_items`;
  DELETE FROM `migrations`;

  ALTER TABLE `model_has_roles` AUTO_INCREMENT = 1;
  ALTER TABLE `model_has_permissions` AUTO_INCREMENT = 1;
  ALTER TABLE `role_has_permissions` AUTO_INCREMENT = 1;
  ALTER TABLE `permissions` AUTO_INCREMENT = 1;
  ALTER TABLE `roles` AUTO_INCREMENT = 1;
  ALTER TABLE `modules` AUTO_INCREMENT = 1;
  ALTER TABLE `menu_items` AUTO_INCREMENT = 1;
  ALTER TABLE `migrations` AUTO_INCREMENT = 1;

INSERT INTO `modules` (`id`, `name`, `actions`, `created_at`, `updated_at`, `deleted_at`) VALUES
(1, 'media', '{\"index\":\"media.index\",\"create\":\"media.create\",\"edit\":\"media.edit\",\"trash\":\"media.destroy\",\"restore\":\"media.restore\",\"delete\":\"media.forceDelete\"}', '2025-03-16 23:08:04', '2025-03-16 23:08:04', NULL),
(2, 'users', '{\"index\":\"user.index\",\"create\":\"user.create\",\"edit\":\"user.edit\",\"trash\":\"user.destroy\",\"restore\":\"user.restore\",\"delete\":\"user.forceDelete\"}', '2025-03-16 23:08:05', '2025-03-16 23:08:05', NULL),
(3, 'roles', '{\"index\":\"role.index\",\"create\":\"role.create\",\"edit\":\"role.edit\",\"delete\":\"role.destroy\"}', '2025-03-16 23:08:05', '2025-03-16 23:08:05', NULL),
(4, 'attachments', '{\"index\":\"attachment.index\",\"create\":\"attachment.create\",\"delete\":\"attachment.destroy\",\"edit\":\"attachment.edit\"}', '2025-03-16 23:08:05', '2025-03-16 23:08:05', NULL),
(5, 'categories', '{\"index\":\"category.index\",\"create\":\"category.create\",\"edit\":\"category.edit\",\"delete\":\"category.destroy\"}', '2025-03-16 23:08:05', '2025-03-16 23:08:05', NULL),
(6, 'tags', '{\"index\":\"tag.index\",\"create\":\"tag.create\",\"edit\":\"tag.edit\",\"trash\":\"tag.destroy\",\"restore\":\"tag.restore\",\"delete\":\"tag.forceDelete\"}', '2025-03-16 23:08:05', '2025-03-16 23:08:05', NULL),
(7, 'blogs', '{\"index\":\"blog.index\",\"create\":\"blog.create\",\"edit\":\"blog.edit\",\"trash\":\"blog.destroy\",\"restore\":\"blog.restore\",\"delete\":\"blog.forceDelete\"}', '2025-03-16 23:08:05', '2025-03-16 23:08:05', NULL),
(8, 'pages', '{\"index\":\"page.index\",\"create\":\"page.create\",\"edit\":\"page.edit\",\"trash\":\"page.destroy\",\"restore\":\"page.restore\",\"delete\":\"page.forceDelete\"}', '2025-03-16 23:08:05', '2025-03-16 23:08:05', NULL),
(9, 'testimonials', '{\"index\":\"testimonial.index\",\"create\":\"testimonial.create\",\"edit\":\"testimonial.edit\",\"trash\":\"testimonial.destroy\",\"restore\":\"testimonial.restore\",\"delete\":\"testimonial.forceDelete\"}', '2025-03-16 23:08:05', '2025-03-16 23:08:05', NULL),
(10, 'taxes', '{\"index\":\"tax.index\",\"create\":\"tax.create\",\"edit\":\"tax.edit\",\"trash\":\"tax.destroy\",\"restore\":\"tax.restore\",\"delete\":\"tax.forceDelete\"}', '2025-03-16 23:08:05', '2025-03-16 23:08:05', NULL),
(11, 'currencies', '{\"index\":\"currency.index\",\"create\":\"currency.create\",\"edit\":\"currency.edit\",\"trash\":\"currency.destroy\",\"restore\":\"currency.restore\",\"delete\":\"currency.forceDelete\"}', '2025-03-16 23:08:05', '2025-03-16 23:08:05', NULL),
(12, 'languages', '{\"index\":\"language.index\",\"create\":\"language.create\",\"edit\":\"language.edit\",\"trash\":\"language.destroy\",\"restore\":\"language.restore\",\"delete\":\"language.forceDelete\"}', '2025-03-16 23:08:05', '2025-03-16 23:08:05', NULL),
(13, 'settings', '{\"index\":\"ticket.setting.index\",\"create\":\"ticket.setting.create\",\"edit\":\"ticket.setting.edit\",\"trash\":\"ticket.setting.destroy\",\"restore\":\"ticket.setting.restore\",\"delete\":\"ticket.setting.forceDelete\"}', '2025-03-16 23:08:05', '2025-03-16 23:10:10', NULL),
(14, 'system-tools', '{\"index\":\"system-tool.index\",\"create\":\"system-tool.create\",\"edit\":\"system-tool.edit\",\"trash\":\"system-tool.destroy\",\"restore\":\"system-tool.restore\",\"delete\":\"system-tool.forceDelete\"}', '2025-03-16 23:08:06', '2025-03-16 23:08:06', NULL),
(15, 'plugins', '{\"index\":\"plugin.index\",\"create\":\"plugin.create\",\"edit\":\"plugin.edit\",\"trash\":\"plugin.destroy\",\"restore\":\"plugin.restore\",\"delete\":\"plugin.forceDelete\"}', '2025-03-16 23:08:06', '2025-03-16 23:08:06', NULL),
(16, 'about-system', '{\"index\":\"about-system.index\"}', '2025-03-16 23:08:06', '2025-03-16 23:08:06', NULL),
(17, 'payment-methods', '{\"index\":\"payment-method.index\",\"edit\":\"payment-method.edit\"}', '2025-03-16 23:08:06', '2025-03-16 23:08:06', NULL),
(18, 'sms-gateways', '{\"index\":\"sms-gateway.index\",\"edit\":\"sms-gateway.edit\"}', '2025-03-16 23:08:06', '2025-03-16 23:08:06', NULL),
(19, 'sms_templates', '{\"index\":\"sms_template.index\",\"create\":\"sms_template.create\",\"edit\":\"sms_template.edit\",\"trash\":\"sms_template.destroy\",\"delete\":\"sms_template.forceDelete\"}', '2025-03-16 23:08:06', '2025-03-16 23:08:06', NULL),
(20, 'email_templates', '{\"index\":\"email_template.index\",\"create\":\"email_template.create\",\"trash\":\"email_template.destroy\",\"edit\":\"email_template.edit\",\"delete\":\"email_template.forceDelete\"}', '2025-03-16 23:08:06', '2025-03-16 23:08:06', NULL),
(21, 'push_notification_templates', '{\"index\":\"push_notification_template.index\",\"create\":\"push_notification_template.create\",\"trash\":\"push_notification_template.destroy\",\"edit\":\"push_notification_template.edit\",\"delete\":\"push_notification_template.forceDelete\"}', '2025-03-16 23:08:06', '2025-03-16 23:08:06', NULL),
(22, 'landing_page', '{\"index\":\"landing_page.index\",\"edit\":\"landing_page.edit\"}', '2025-03-16 23:08:06', '2025-03-16 23:08:06', NULL),
(23, 'appearance', '{\"index\":\"appearance.index\",\"edit\":\"appearance.edit\",\"create\":\"appearance.create\"}', '2025-03-16 23:08:06', '2025-03-16 23:08:06', NULL),
(24, 'backups', '{\"index\":\"backup.index\",\"create\":\"backup.create\",\"edit\":\"backup.edit\",\"trash\":\"backup.destroy\",\"restore\":\"backup.restore\",\"delete\":\"backup.forceDelete\"}', '2025-03-16 23:08:06', '2025-03-16 23:08:06', NULL),
(25, 'menus', '{\"index\":\"menu.index\",\"create\":\"menu.create\",\"edit\":\"menu.edit\",\"delete\":\"menu.destroy\"}', '2025-03-16 23:08:06', '2025-03-16 23:08:06', NULL),
(26, 'riders', '{\"index\":\"rider.index\",\"create\":\"rider.create\",\"edit\":\"rider.edit\",\"trash\":\"rider.destroy\",\"restore\":\"rider.restore\",\"delete\":\"rider.forceDelete\"}', '2025-03-16 23:08:32', '2025-03-16 23:08:32', NULL),
(27, 'drivers', '{\"index\":\"driver.index\",\"create\":\"driver.create\",\"edit\":\"driver.edit\",\"trash\":\"driver.destroy\",\"restore\":\"driver.restore\",\"delete\":\"driver.forceDelete\"}', '2025-03-16 23:08:32', '2025-03-16 23:08:32', NULL),
(28, 'dispatchers', '{\"index\":\"dispatcher.index\",\"create\":\"dispatcher.create\",\"edit\":\"dispatcher.edit\",\"trash\":\"dispatcher.destroy\",\"restore\":\"dispatcher.restore\",\"delete\":\"dispatcher.forceDelete\"}', '2025-03-16 23:08:32', '2025-03-16 23:08:32', NULL),
(29, 'unverified_drivers', '{\"index\":\"unverified_driver.index\",\"create\":\"unverified_driver.create\",\"edit\":\"unverified_driver.edit\",\"trash\":\"unverified_driver.destroy\",\"restore\":\"unverified_driver.restore\",\"delete\":\"unverified_driver.forceDelete\"}', '2025-03-16 23:08:32', '2025-03-16 23:08:32', NULL),
(30, 'banners', '{\"index\":\"banner.index\",\"create\":\"banner.create\",\"edit\":\"banner.edit\",\"trash\":\"banner.destroy\",\"restore\":\"banner.restore\",\"delete\":\"banner.forceDelete\"}', '2025-03-16 23:08:33', '2025-03-16 23:08:33', NULL),
(31, 'documents', '{\"index\":\"document.index\",\"create\":\"document.create\",\"edit\":\"document.edit\",\"trash\":\"document.destroy\",\"restore\":\"document.restore\",\"delete\":\"document.forceDelete\"}', '2025-03-16 23:08:33', '2025-03-16 23:08:33', NULL),
(32, 'vehicle_types', '{\"index\":\"vehicle_type.index\",\"create\":\"vehicle_type.create\",\"edit\":\"vehicle_type.edit\",\"trash\":\"vehicle_type.destroy\",\"restore\":\"vehicle_type.restore\",\"delete\":\"vehicle_type.forceDelete\"}', '2025-03-16 23:08:33', '2025-03-16 23:08:33', NULL),
(33, 'coupons', '{\"index\":\"coupon.index\",\"create\":\"coupon.create\",\"edit\":\"coupon.edit\",\"trash\":\"coupon.destroy\",\"restore\":\"coupon.restore\",\"delete\":\"coupon.forceDelete\"}', '2025-03-16 23:08:33', '2025-03-16 23:08:33', NULL),
(34, 'zones', '{\"index\":\"zone.index\",\"create\":\"zone.create\",\"edit\":\"zone.edit\",\"trash\":\"zone.destroy\",\"restore\":\"zone.restore\",\"delete\":\"zone.forceDelete\"}', '2025-03-16 23:08:33', '2025-03-16 23:08:33', NULL),
(35, 'faqs', '{\"index\":\"faq.index\",\"create\":\"faq.create\",\"edit\":\"faq.edit\",\"trash\":\"faq.destroy\",\"restore\":\"faq.restore\",\"delete\":\"faq.forceDelete\"}', '2025-03-16 23:08:33', '2025-03-16 23:08:33', NULL),
(36, 'heatmaps', '{\"index\":\"heat_map.index\",\"create\":\"heat_map.create\",\"edit\":\"heat_map.edit\",\"trash\":\"heat_map.destroy\",\"restore\":\"heat_map.restore\",\"delete\":\"heat_map.forceDelete\"}', '2025-03-16 23:08:33', '2025-03-16 23:08:33', NULL),
(37, 'soses', '{\"index\":\"sos.index\",\"create\":\"sos.create\",\"edit\":\"sos.edit\",\"trash\":\"sos.destroy\",\"restore\":\"sos.restore\",\"delete\":\"sos.forceDelete\"}', '2025-03-16 23:08:33', '2025-03-16 23:08:33', NULL),
(38, 'driver_documents', '{\"index\":\"driver_document.index\",\"create\":\"driver_document.create\",\"edit\":\"driver_document.edit\",\"trash\":\"driver_document.destroy\",\"restore\":\"driver_document.restore\",\"delete\":\"driver_document.forceDelete\"}', '2025-03-16 23:08:33', '2025-03-16 23:08:33', NULL),
(39, 'driver_rules', '{\"index\":\"driver_rule.index\",\"create\":\"driver_rule.create\",\"edit\":\"driver_rule.edit\",\"trash\":\"driver_rule.destroy\",\"restore\":\"driver_rule.restore\",\"delete\":\"driver_rule.forceDelete\"}', '2025-03-16 23:08:33', '2025-03-16 23:08:33', NULL),
(40, 'cab_commission_histories', '{\"index\":\"cab_commission_history.index\"}', '2025-03-16 23:08:33', '2025-03-16 23:08:33', NULL),
(41, 'notices', '{\"index\":\"notice.index\",\"create\":\"notice.create\",\"edit\":\"notice.edit\",\"trash\":\"notice.destroy\",\"restore\":\"notice.restore\",\"delete\":\"notice.forceDelete\"}', '2025-03-16 23:08:33', '2025-03-16 23:08:33', NULL),
(42, 'driver_wallets', '{\"index\":\"driver_wallet.index\",\"credit\":\"driver_wallet.credit\",\"debit\":\"driver_wallet.debit\"}', '2025-03-16 23:08:33', '2025-03-16 23:08:33', NULL),
(43, 'services', '{\"index\":\"service.index\",\"edit\":\"service.edit\"}', '2025-03-16 23:08:33', '2025-03-16 23:08:33', NULL),
(44, 'onboardings', '{\"index\":\"onboarding.index\",\"edit\":\"onboarding.edit\"}', '2025-03-16 23:08:33', '2025-03-16 23:08:33', NULL),
(45, 'service_categories', '{\"index\":\"service_category.index\",\"edit\":\"service_category.edit\"}', '2025-03-16 23:08:33', '2025-03-16 23:08:33', NULL),
(46, 'taxido_settings', '{\"index\":\"taxido_setting.index\",\"edit\":\"taxido_setting.edit\"}', '2025-03-16 23:08:33', '2025-03-16 23:08:33', NULL),
(47, 'ride_request', '{\"index\":\"ride_request.index\",\"create\":\"ride_request.create\",\"edit\":\"ride_request.edit\",\"trash\":\"ride_request.destroy\",\"restore\":\"ride_request.restore\",\"delete\":\"ride_request.forceDelete\"}', '2025-03-16 23:08:34', '2025-03-16 23:08:34', NULL),
(48, 'rides', '{\"index\":\"ride.index\",\"create\":\"ride.create\",\"edit\":\"ride.edit\"}', '2025-03-16 23:08:34', '2025-03-16 23:08:34', NULL),
(49, 'plans', '{\"index\":\"plan.index\",\"create\":\"plan.create\",\"edit\":\"plan.edit\",\"trash\":\"plan.destroy\",\"restore\":\"plan.restore\",\"delete\":\"plan.forceDelete\"}', '2025-03-16 23:08:34', '2025-03-16 23:08:34', NULL),
(50, 'subscriptions', '{\"index\":\"subscription.index\",\"create\":\"subscription.create\",\"edit\":\"subscription.edit\",\"destroy\":\"subscription.destroy\",\"purchase\":\"subscription.purchase\",\"cancel\":\"subscription.cancel\"}', '2025-03-16 23:08:34', '2025-03-16 23:08:34', NULL),
(51, 'bids', '{\"index\":\"bid.index\",\"create\":\"bid.create\",\"edit\":\"bid.edit\"}', '2025-03-16 23:08:34', '2025-03-16 23:08:34', NULL),
(52, 'push_notifications', '{\"index\":\"push_notification.index\",\"create\":\"push_notification.create\",\"trash\":\"push_notification.destroy\",\"delete\":\"push_notification.forceDelete\"}', '2025-03-16 23:08:34', '2025-03-16 23:08:34', NULL),
(53, 'rider_wallets', '{\"index\":\"rider_wallet.index\",\"credit\":\"rider_wallet.credit\",\"debit\":\"rider_wallet.debit\"}', '2025-03-16 23:08:34', '2025-03-16 23:08:34', NULL),
(54, 'withdraw_requests', '{\"index\":\"withdraw_request.index\",\"create\":\"withdraw_request.create\",\"edit\":\"withdraw_request.edit\"}', '2025-03-16 23:08:34', '2025-03-16 23:08:34', NULL),
(55, 'reports', '{\"index\":\"report.index\",\"create\":\"report.create\"}', '2025-03-16 23:08:34', '2025-03-16 23:08:34', NULL),
(56, 'driver_locations', '{\"index\":\"driver_location.index\",\"create\":\"driver_location.create\"}', '2025-03-16 23:08:34', '2025-03-16 23:08:34', NULL),
(57, 'cancellation_reasons', '{\"index\":\"cancellation_reason.index\",\"create\":\"cancellation_reason.create\",\"edit\":\"cancellation_reason.edit\",\"trash\":\"cancellation_reason.destroy\",\"restore\":\"cancellation_reason.restore\",\"delete\":\"cancellation_reason.forceDelete\"}', '2025-03-16 23:08:34', '2025-03-16 23:08:34', NULL),
(58, 'driver_reviews', '{\"index\":\"driver_review.index\",\"create\":\"driver_review.create\",\"trash\":\"driver_review.destroy\",\"restore\":\"driver_review.restore\",\"delete\":\"driver_review.forceDelete\"}', '2025-03-16 23:08:34', '2025-03-16 23:08:34', NULL),
(59, 'rider_reviews', '{\"index\":\"rider_review.index\",\"create\":\"rider_review.create\",\"trash\":\"rider_review.destroy\",\"restore\":\"rider_review.restore\",\"delete\":\"rider_review.forceDelete\"}', '2025-03-16 23:08:34', '2025-03-16 23:08:34', NULL),
(60, 'hourly_packages', '{\"index\":\"hourly_package.index\",\"create\":\"hourly_package.create\",\"edit\":\"hourly_package.edit\",\"trash\":\"hourly_package.destroy\",\"restore\":\"hourly_package.restore\",\"delete\":\"hourly_package.forceDelete\"}', '2025-03-16 23:08:34', '2025-03-16 23:08:34', NULL),
(61, 'rental_vehicles', '{\"index\":\"rental_vehicle.index\",\"create\":\"rental_vehicle.create\",\"edit\":\"rental_vehicle.edit\",\"trash\":\"rental_vehicle.destroy\",\"restore\":\"rental_vehicle.restore\",\"delete\":\"rental_vehicle.forceDelete\"}', '2025-03-16 23:08:34', '2025-03-16 23:08:34', NULL),
(62, 'tickets', '{\"index\":\"ticket.ticket.index\",\"create\":\"ticket.ticket.create\",\"reply\":\"ticket.ticket.reply\",\"trash\":\"ticket.ticket.destroy\",\"restore\":\"ticket.ticket.restore\",\"delete\":\"ticket.ticket.forceDelete\"}', '2025-03-16 23:10:09', '2025-03-16 23:10:09', NULL),
(63, 'priorities', '{\"index\":\"ticket.priority.index\",\"create\":\"ticket.priority.create\",\"edit\":\"ticket.priority.edit\",\"trash\":\"ticket.priority.destroy\",\"restore\":\"ticket.priority.restore\",\"delete\":\"ticket.priority.forceDelete\"}', '2025-03-16 23:10:09', '2025-03-16 23:10:09', NULL),
(64, 'executives', '{\"index\":\"ticket.executive.index\",\"create\":\"ticket.executive.create\",\"edit\":\"ticket.executive.edit\",\"trash\":\"ticket.executive.destroy\",\"restore\":\"ticket.executive.restore\",\"delete\":\"ticket.executive.forceDelete\"}', '2025-03-16 23:10:09', '2025-03-16 23:10:09', NULL),
(65, 'departments', '{\"index\":\"ticket.department.index\",\"create\":\"ticket.department.create\",\"edit\":\"ticket.department.edit\",\"show\":\"ticket.department.show\",\"trash\":\"ticket.department.destroy\",\"restore\":\"ticket.department.restore\",\"delete\":\"ticket.department.forceDelete\"}', '2025-03-16 23:10:09', '2025-03-16 23:10:09', NULL),
(66, 'formfields', '{\"index\":\"ticket.formfield.index\",\"create\":\"ticket.formfield.create\",\"edit\":\"ticket.formfield.edit\",\"trash\":\"ticket.formfield.destroy\",\"restore\":\"ticket.formfield.restore\",\"delete\":\"ticket.formfield.forceDelete\"}', '2025-03-16 23:10:09', '2025-03-16 23:10:09', NULL),
(67, 'statuses', '{\"index\":\"ticket.status.index\",\"create\":\"ticket.status.create\",\"edit\":\"ticket.status.edit\",\"trash\":\"ticket.status.destroy\",\"restore\":\"ticket.status.restore\",\"delete\":\"ticket.status.forceDelete\"}', '2025-03-16 23:10:09', '2025-03-16 23:10:09', NULL),
(68, 'knowledge', '{\"index\":\"ticket.knowledge.index\",\"create\":\"ticket.knowledge.create\",\"edit\":\"ticket.knowledge.edit\",\"trash\":\"ticket.knowledge.destroy\",\"restore\":\"ticket.knowledge.restore\",\"delete\":\"ticket.knowledge.forceDelete\"}', '2025-03-16 23:10:09', '2025-03-16 23:10:09', NULL),
(69, 'knowledge_categories', '{\"index\":\"ticket.category.index\",\"create\":\"ticket.category.create\",\"edit\":\"ticket.category.edit\",\"delete\":\"ticket.category.destroy\"}', '2025-03-16 23:10:10', '2025-03-16 23:10:10', NULL),
(70, 'knowledge_tags', '{\"index\":\"ticket.tag.index\",\"create\":\"ticket.tag.create\",\"edit\":\"ticket.tag.edit\",\"trash\":\"ticket.tag.destroy\",\"restore\":\"ticket.tag.restore\",\"delete\":\"ticket.tag.forceDelete\"}', '2025-03-16 23:10:10', '2025-03-16 23:10:10', NULL);



INSERT INTO `permissions` (`id`, `name`, `guard_name`, `created_at`, `updated_at`) VALUES
(1, 'media.index', 'web', '2025-03-16 23:08:04', '2025-03-16 23:08:04'),
(2, 'media.create', 'web', '2025-03-16 23:08:04', '2025-03-16 23:08:04'),
(3, 'media.edit', 'web', '2025-03-16 23:08:04', '2025-03-16 23:08:04'),
(4, 'media.destroy', 'web', '2025-03-16 23:08:05', '2025-03-16 23:08:05'),
(5, 'media.restore', 'web', '2025-03-16 23:08:05', '2025-03-16 23:08:05'),
(6, 'media.forceDelete', 'web', '2025-03-16 23:08:05', '2025-03-16 23:08:05'),
(7, 'user.index', 'web', '2025-03-16 23:08:05', '2025-03-16 23:08:05'),
(8, 'user.create', 'web', '2025-03-16 23:08:05', '2025-03-16 23:08:05'),
(9, 'user.edit', 'web', '2025-03-16 23:08:05', '2025-03-16 23:08:05'),
(10, 'user.destroy', 'web', '2025-03-16 23:08:05', '2025-03-16 23:08:05'),
(11, 'user.restore', 'web', '2025-03-16 23:08:05', '2025-03-16 23:08:05'),
(12, 'user.forceDelete', 'web', '2025-03-16 23:08:05', '2025-03-16 23:08:05'),
(13, 'role.index', 'web', '2025-03-16 23:08:05', '2025-03-16 23:08:05'),
(14, 'role.create', 'web', '2025-03-16 23:08:05', '2025-03-16 23:08:05'),
(15, 'role.edit', 'web', '2025-03-16 23:08:05', '2025-03-16 23:08:05'),
(16, 'role.destroy', 'web', '2025-03-16 23:08:05', '2025-03-16 23:08:05'),
(17, 'attachment.index', 'web', '2025-03-16 23:08:05', '2025-03-16 23:08:05'),
(18, 'attachment.create', 'web', '2025-03-16 23:08:05', '2025-03-16 23:08:05'),
(19, 'attachment.destroy', 'web', '2025-03-16 23:08:05', '2025-03-16 23:08:05'),
(20, 'attachment.edit', 'web', '2025-03-16 23:08:05', '2025-03-16 23:08:05'),
(21, 'category.index', 'web', '2025-03-16 23:08:05', '2025-03-16 23:08:05'),
(22, 'category.create', 'web', '2025-03-16 23:08:05', '2025-03-16 23:08:05'),
(23, 'category.edit', 'web', '2025-03-16 23:08:05', '2025-03-16 23:08:05'),
(24, 'category.destroy', 'web', '2025-03-16 23:08:05', '2025-03-16 23:08:05'),
(25, 'tag.index', 'web', '2025-03-16 23:08:05', '2025-03-16 23:08:05'),
(26, 'tag.create', 'web', '2025-03-16 23:08:05', '2025-03-16 23:08:05'),
(27, 'tag.edit', 'web', '2025-03-16 23:08:05', '2025-03-16 23:08:05'),
(28, 'tag.destroy', 'web', '2025-03-16 23:08:05', '2025-03-16 23:08:05'),
(29, 'tag.restore', 'web', '2025-03-16 23:08:05', '2025-03-16 23:08:05'),
(30, 'tag.forceDelete', 'web', '2025-03-16 23:08:05', '2025-03-16 23:08:05'),
(31, 'blog.index', 'web', '2025-03-16 23:08:05', '2025-03-16 23:08:05'),
(32, 'blog.create', 'web', '2025-03-16 23:08:05', '2025-03-16 23:08:05'),
(33, 'blog.edit', 'web', '2025-03-16 23:08:05', '2025-03-16 23:08:05'),
(34, 'blog.destroy', 'web', '2025-03-16 23:08:05', '2025-03-16 23:08:05'),
(35, 'blog.restore', 'web', '2025-03-16 23:08:05', '2025-03-16 23:08:05'),
(36, 'blog.forceDelete', 'web', '2025-03-16 23:08:05', '2025-03-16 23:08:05'),
(37, 'page.index', 'web', '2025-03-16 23:08:05', '2025-03-16 23:08:05'),
(38, 'page.create', 'web', '2025-03-16 23:08:05', '2025-03-16 23:08:05'),
(39, 'page.edit', 'web', '2025-03-16 23:08:05', '2025-03-16 23:08:05'),
(40, 'page.destroy', 'web', '2025-03-16 23:08:05', '2025-03-16 23:08:05'),
(41, 'page.restore', 'web', '2025-03-16 23:08:05', '2025-03-16 23:08:05'),
(42, 'page.forceDelete', 'web', '2025-03-16 23:08:05', '2025-03-16 23:08:05'),
(43, 'testimonial.index', 'web', '2025-03-16 23:08:05', '2025-03-16 23:08:05'),
(44, 'testimonial.create', 'web', '2025-03-16 23:08:05', '2025-03-16 23:08:05'),
(45, 'testimonial.edit', 'web', '2025-03-16 23:08:05', '2025-03-16 23:08:05'),
(46, 'testimonial.destroy', 'web', '2025-03-16 23:08:05', '2025-03-16 23:08:05'),
(47, 'testimonial.restore', 'web', '2025-03-16 23:08:05', '2025-03-16 23:08:05'),
(48, 'testimonial.forceDelete', 'web', '2025-03-16 23:08:05', '2025-03-16 23:08:05'),
(49, 'tax.index', 'web', '2025-03-16 23:08:05', '2025-03-16 23:08:05'),
(50, 'tax.create', 'web', '2025-03-16 23:08:05', '2025-03-16 23:08:05'),
(51, 'tax.edit', 'web', '2025-03-16 23:08:05', '2025-03-16 23:08:05'),
(52, 'tax.destroy', 'web', '2025-03-16 23:08:05', '2025-03-16 23:08:05'),
(53, 'tax.restore', 'web', '2025-03-16 23:08:05', '2025-03-16 23:08:05'),
(54, 'tax.forceDelete', 'web', '2025-03-16 23:08:05', '2025-03-16 23:08:05'),
(55, 'currency.index', 'web', '2025-03-16 23:08:05', '2025-03-16 23:08:05'),
(56, 'currency.create', 'web', '2025-03-16 23:08:05', '2025-03-16 23:08:05'),
(57, 'currency.edit', 'web', '2025-03-16 23:08:05', '2025-03-16 23:08:05'),
(58, 'currency.destroy', 'web', '2025-03-16 23:08:05', '2025-03-16 23:08:05'),
(59, 'currency.restore', 'web', '2025-03-16 23:08:05', '2025-03-16 23:08:05'),
(60, 'currency.forceDelete', 'web', '2025-03-16 23:08:05', '2025-03-16 23:08:05'),
(61, 'language.index', 'web', '2025-03-16 23:08:05', '2025-03-16 23:08:05'),
(62, 'language.create', 'web', '2025-03-16 23:08:05', '2025-03-16 23:08:05'),
(63, 'language.edit', 'web', '2025-03-16 23:08:05', '2025-03-16 23:08:05'),
(64, 'language.destroy', 'web', '2025-03-16 23:08:05', '2025-03-16 23:08:05'),
(65, 'language.restore', 'web', '2025-03-16 23:08:05', '2025-03-16 23:08:05'),
(66, 'language.forceDelete', 'web', '2025-03-16 23:08:05', '2025-03-16 23:08:05'),
(67, 'setting.index', 'web', '2025-03-16 23:08:05', '2025-03-16 23:08:05'),
(68, 'setting.edit', 'web', '2025-03-16 23:08:06', '2025-03-16 23:08:06'),
(69, 'system-tool.index', 'web', '2025-03-16 23:08:06', '2025-03-16 23:08:06'),
(70, 'system-tool.create', 'web', '2025-03-16 23:08:06', '2025-03-16 23:08:06'),
(71, 'system-tool.edit', 'web', '2025-03-16 23:08:06', '2025-03-16 23:08:06'),
(72, 'system-tool.destroy', 'web', '2025-03-16 23:08:06', '2025-03-16 23:08:06'),
(73, 'system-tool.restore', 'web', '2025-03-16 23:08:06', '2025-03-16 23:08:06'),
(74, 'system-tool.forceDelete', 'web', '2025-03-16 23:08:06', '2025-03-16 23:08:06'),
(75, 'plugin.index', 'web', '2025-03-16 23:08:06', '2025-03-16 23:08:06'),
(76, 'plugin.create', 'web', '2025-03-16 23:08:06', '2025-03-16 23:08:06'),
(77, 'plugin.edit', 'web', '2025-03-16 23:08:06', '2025-03-16 23:08:06'),
(78, 'plugin.destroy', 'web', '2025-03-16 23:08:06', '2025-03-16 23:08:06'),
(79, 'plugin.restore', 'web', '2025-03-16 23:08:06', '2025-03-16 23:08:06'),
(80, 'plugin.forceDelete', 'web', '2025-03-16 23:08:06', '2025-03-16 23:08:06'),
(81, 'about-system.index', 'web', '2025-03-16 23:08:06', '2025-03-16 23:08:06'),
(82, 'payment-method.index', 'web', '2025-03-16 23:08:06', '2025-03-16 23:08:06'),
(83, 'payment-method.edit', 'web', '2025-03-16 23:08:06', '2025-03-16 23:08:06'),
(84, 'sms-gateway.index', 'web', '2025-03-16 23:08:06', '2025-03-16 23:08:06'),
(85, 'sms-gateway.edit', 'web', '2025-03-16 23:08:06', '2025-03-16 23:08:06'),
(86, 'sms_template.index', 'web', '2025-03-16 23:08:06', '2025-03-16 23:08:06'),
(87, 'sms_template.create', 'web', '2025-03-16 23:08:06', '2025-03-16 23:08:06'),
(88, 'sms_template.edit', 'web', '2025-03-16 23:08:06', '2025-03-16 23:08:06'),
(89, 'sms_template.destroy', 'web', '2025-03-16 23:08:06', '2025-03-16 23:08:06'),
(90, 'sms_template.forceDelete', 'web', '2025-03-16 23:08:06', '2025-03-16 23:08:06'),
(91, 'email_template.index', 'web', '2025-03-16 23:08:06', '2025-03-16 23:08:06'),
(92, 'email_template.create', 'web', '2025-03-16 23:08:06', '2025-03-16 23:08:06'),
(93, 'email_template.destroy', 'web', '2025-03-16 23:08:06', '2025-03-16 23:08:06'),
(94, 'email_template.edit', 'web', '2025-03-16 23:08:06', '2025-03-16 23:08:06'),
(95, 'email_template.forceDelete', 'web', '2025-03-16 23:08:06', '2025-03-16 23:08:06'),
(96, 'push_notification_template.index', 'web', '2025-03-16 23:08:06', '2025-03-16 23:08:06'),
(97, 'push_notification_template.create', 'web', '2025-03-16 23:08:06', '2025-03-16 23:08:06'),
(98, 'push_notification_template.destroy', 'web', '2025-03-16 23:08:06', '2025-03-16 23:08:06'),
(99, 'push_notification_template.edit', 'web', '2025-03-16 23:08:06', '2025-03-16 23:08:06'),
(100, 'push_notification_template.forceDelete', 'web', '2025-03-16 23:08:06', '2025-03-16 23:08:06'),
(101, 'landing_page.index', 'web', '2025-03-16 23:08:06', '2025-03-16 23:08:06'),
(102, 'landing_page.edit', 'web', '2025-03-16 23:08:06', '2025-03-16 23:08:06'),
(103, 'appearance.index', 'web', '2025-03-16 23:08:06', '2025-03-16 23:08:06'),
(104, 'appearance.edit', 'web', '2025-03-16 23:08:06', '2025-03-16 23:08:06'),
(105, 'appearance.create', 'web', '2025-03-16 23:08:06', '2025-03-16 23:08:06'),
(106, 'backup.index', 'web', '2025-03-16 23:08:06', '2025-03-16 23:08:06'),
(107, 'backup.create', 'web', '2025-03-16 23:08:06', '2025-03-16 23:08:06'),
(108, 'backup.edit', 'web', '2025-03-16 23:08:06', '2025-03-16 23:08:06'),
(109, 'backup.destroy', 'web', '2025-03-16 23:08:06', '2025-03-16 23:08:06'),
(110, 'backup.restore', 'web', '2025-03-16 23:08:06', '2025-03-16 23:08:06'),
(111, 'backup.forceDelete', 'web', '2025-03-16 23:08:06', '2025-03-16 23:08:06'),
(112, 'menu.index', 'web', '2025-03-16 23:08:06', '2025-03-16 23:08:06'),
(113, 'menu.create', 'web', '2025-03-16 23:08:06', '2025-03-16 23:08:06'),
(114, 'menu.edit', 'web', '2025-03-16 23:08:06', '2025-03-16 23:08:06'),
(115, 'menu.destroy', 'web', '2025-03-16 23:08:06', '2025-03-16 23:08:06'),
(116, 'rider.index', 'web', '2025-03-16 23:08:32', '2025-03-16 23:08:32'),
(117, 'rider.create', 'web', '2025-03-16 23:08:32', '2025-03-16 23:08:32'),
(118, 'rider.edit', 'web', '2025-03-16 23:08:32', '2025-03-16 23:08:32'),
(119, 'rider.destroy', 'web', '2025-03-16 23:08:32', '2025-03-16 23:08:32'),
(120, 'rider.restore', 'web', '2025-03-16 23:08:32', '2025-03-16 23:08:32'),
(121, 'rider.forceDelete', 'web', '2025-03-16 23:08:32', '2025-03-16 23:08:32'),
(122, 'driver.index', 'web', '2025-03-16 23:08:32', '2025-03-16 23:08:32'),
(123, 'driver.create', 'web', '2025-03-16 23:08:32', '2025-03-16 23:08:32'),
(124, 'driver.edit', 'web', '2025-03-16 23:08:32', '2025-03-16 23:08:32'),
(125, 'driver.destroy', 'web', '2025-03-16 23:08:32', '2025-03-16 23:08:32'),
(126, 'driver.restore', 'web', '2025-03-16 23:08:32', '2025-03-16 23:08:32'),
(127, 'driver.forceDelete', 'web', '2025-03-16 23:08:32', '2025-03-16 23:08:32'),
(128, 'dispatcher.index', 'web', '2025-03-16 23:08:32', '2025-03-16 23:08:32'),
(129, 'dispatcher.create', 'web', '2025-03-16 23:08:32', '2025-03-16 23:08:32'),
(130, 'dispatcher.edit', 'web', '2025-03-16 23:08:32', '2025-03-16 23:08:32'),
(131, 'dispatcher.destroy', 'web', '2025-03-16 23:08:32', '2025-03-16 23:08:32'),
(132, 'dispatcher.restore', 'web', '2025-03-16 23:08:32', '2025-03-16 23:08:32'),
(133, 'dispatcher.forceDelete', 'web', '2025-03-16 23:08:32', '2025-03-16 23:08:32'),
(134, 'unverified_driver.index', 'web', '2025-03-16 23:08:32', '2025-03-16 23:08:32'),
(135, 'unverified_driver.create', 'web', '2025-03-16 23:08:32', '2025-03-16 23:08:32'),
(136, 'unverified_driver.edit', 'web', '2025-03-16 23:08:33', '2025-03-16 23:08:33'),
(137, 'unverified_driver.destroy', 'web', '2025-03-16 23:08:33', '2025-03-16 23:08:33'),
(138, 'unverified_driver.restore', 'web', '2025-03-16 23:08:33', '2025-03-16 23:08:33'),
(139, 'unverified_driver.forceDelete', 'web', '2025-03-16 23:08:33', '2025-03-16 23:08:33'),
(140, 'banner.index', 'web', '2025-03-16 23:08:33', '2025-03-16 23:08:33'),
(141, 'banner.create', 'web', '2025-03-16 23:08:33', '2025-03-16 23:08:33'),
(142, 'banner.edit', 'web', '2025-03-16 23:08:33', '2025-03-16 23:08:33'),
(143, 'banner.destroy', 'web', '2025-03-16 23:08:33', '2025-03-16 23:08:33'),
(144, 'banner.restore', 'web', '2025-03-16 23:08:33', '2025-03-16 23:08:33'),
(145, 'banner.forceDelete', 'web', '2025-03-16 23:08:33', '2025-03-16 23:08:33'),
(146, 'document.index', 'web', '2025-03-16 23:08:33', '2025-03-16 23:08:33'),
(147, 'document.create', 'web', '2025-03-16 23:08:33', '2025-03-16 23:08:33'),
(148, 'document.edit', 'web', '2025-03-16 23:08:33', '2025-03-16 23:08:33'),
(149, 'document.destroy', 'web', '2025-03-16 23:08:33', '2025-03-16 23:08:33'),
(150, 'document.restore', 'web', '2025-03-16 23:08:33', '2025-03-16 23:08:33'),
(151, 'document.forceDelete', 'web', '2025-03-16 23:08:33', '2025-03-16 23:08:33'),
(152, 'vehicle_type.index', 'web', '2025-03-16 23:08:33', '2025-03-16 23:08:33'),
(153, 'vehicle_type.create', 'web', '2025-03-16 23:08:33', '2025-03-16 23:08:33'),
(154, 'vehicle_type.edit', 'web', '2025-03-16 23:08:33', '2025-03-16 23:08:33'),
(155, 'vehicle_type.destroy', 'web', '2025-03-16 23:08:33', '2025-03-16 23:08:33'),
(156, 'vehicle_type.restore', 'web', '2025-03-16 23:08:33', '2025-03-16 23:08:33'),
(157, 'vehicle_type.forceDelete', 'web', '2025-03-16 23:08:33', '2025-03-16 23:08:33'),
(158, 'coupon.index', 'web', '2025-03-16 23:08:33', '2025-03-16 23:08:33'),
(159, 'coupon.create', 'web', '2025-03-16 23:08:33', '2025-03-16 23:08:33'),
(160, 'coupon.edit', 'web', '2025-03-16 23:08:33', '2025-03-16 23:08:33'),
(161, 'coupon.destroy', 'web', '2025-03-16 23:08:33', '2025-03-16 23:08:33'),
(162, 'coupon.restore', 'web', '2025-03-16 23:08:33', '2025-03-16 23:08:33'),
(163, 'coupon.forceDelete', 'web', '2025-03-16 23:08:33', '2025-03-16 23:08:33'),
(164, 'zone.index', 'web', '2025-03-16 23:08:33', '2025-03-16 23:08:33'),
(165, 'zone.create', 'web', '2025-03-16 23:08:33', '2025-03-16 23:08:33'),
(166, 'zone.edit', 'web', '2025-03-16 23:08:33', '2025-03-16 23:08:33'),
(167, 'zone.destroy', 'web', '2025-03-16 23:08:33', '2025-03-16 23:08:33'),
(168, 'zone.restore', 'web', '2025-03-16 23:08:33', '2025-03-16 23:08:33'),
(169, 'zone.forceDelete', 'web', '2025-03-16 23:08:33', '2025-03-16 23:08:33'),
(170, 'faq.index', 'web', '2025-03-16 23:08:33', '2025-03-16 23:08:33'),
(171, 'faq.create', 'web', '2025-03-16 23:08:33', '2025-03-16 23:08:33'),
(172, 'faq.edit', 'web', '2025-03-16 23:08:33', '2025-03-16 23:08:33'),
(173, 'faq.destroy', 'web', '2025-03-16 23:08:33', '2025-03-16 23:08:33'),
(174, 'faq.restore', 'web', '2025-03-16 23:08:33', '2025-03-16 23:08:33'),
(175, 'faq.forceDelete', 'web', '2025-03-16 23:08:33', '2025-03-16 23:08:33'),
(176, 'heat_map.index', 'web', '2025-03-16 23:08:33', '2025-03-16 23:08:33'),
(177, 'heat_map.create', 'web', '2025-03-16 23:08:33', '2025-03-16 23:08:33'),
(178, 'heat_map.edit', 'web', '2025-03-16 23:08:33', '2025-03-16 23:08:33'),
(179, 'heat_map.destroy', 'web', '2025-03-16 23:08:33', '2025-03-16 23:08:33'),
(180, 'heat_map.restore', 'web', '2025-03-16 23:08:33', '2025-03-16 23:08:33'),
(181, 'heat_map.forceDelete', 'web', '2025-03-16 23:08:33', '2025-03-16 23:08:33'),
(182, 'sos.index', 'web', '2025-03-16 23:08:33', '2025-03-16 23:08:33'),
(183, 'sos.create', 'web', '2025-03-16 23:08:33', '2025-03-16 23:08:33'),
(184, 'sos.edit', 'web', '2025-03-16 23:08:33', '2025-03-16 23:08:33'),
(185, 'sos.destroy', 'web', '2025-03-16 23:08:33', '2025-03-16 23:08:33'),
(186, 'sos.restore', 'web', '2025-03-16 23:08:33', '2025-03-16 23:08:33'),
(187, 'sos.forceDelete', 'web', '2025-03-16 23:08:33', '2025-03-16 23:08:33'),
(188, 'driver_document.index', 'web', '2025-03-16 23:08:33', '2025-03-16 23:08:33'),
(189, 'driver_document.create', 'web', '2025-03-16 23:08:33', '2025-03-16 23:08:33'),
(190, 'driver_document.edit', 'web', '2025-03-16 23:08:33', '2025-03-16 23:08:33'),
(191, 'driver_document.destroy', 'web', '2025-03-16 23:08:33', '2025-03-16 23:08:33'),
(192, 'driver_document.restore', 'web', '2025-03-16 23:08:33', '2025-03-16 23:08:33'),
(193, 'driver_document.forceDelete', 'web', '2025-03-16 23:08:33', '2025-03-16 23:08:33'),
(194, 'driver_rule.index', 'web', '2025-03-16 23:08:33', '2025-03-16 23:08:33'),
(195, 'driver_rule.create', 'web', '2025-03-16 23:08:33', '2025-03-16 23:08:33'),
(196, 'driver_rule.edit', 'web', '2025-03-16 23:08:33', '2025-03-16 23:08:33'),
(197, 'driver_rule.destroy', 'web', '2025-03-16 23:08:33', '2025-03-16 23:08:33'),
(198, 'driver_rule.restore', 'web', '2025-03-16 23:08:33', '2025-03-16 23:08:33'),
(199, 'driver_rule.forceDelete', 'web', '2025-03-16 23:08:33', '2025-03-16 23:08:33'),
(200, 'cab_commission_history.index', 'web', '2025-03-16 23:08:33', '2025-03-16 23:08:33'),
(201, 'notice.index', 'web', '2025-03-16 23:08:33', '2025-03-16 23:08:33'),
(202, 'notice.create', 'web', '2025-03-16 23:08:33', '2025-03-16 23:08:33'),
(203, 'notice.edit', 'web', '2025-03-16 23:08:33', '2025-03-16 23:08:33'),
(204, 'notice.destroy', 'web', '2025-03-16 23:08:33', '2025-03-16 23:08:33'),
(205, 'notice.restore', 'web', '2025-03-16 23:08:33', '2025-03-16 23:08:33'),
(206, 'notice.forceDelete', 'web', '2025-03-16 23:08:33', '2025-03-16 23:08:33'),
(207, 'driver_wallet.index', 'web', '2025-03-16 23:08:33', '2025-03-16 23:08:33'),
(208, 'driver_wallet.credit', 'web', '2025-03-16 23:08:33', '2025-03-16 23:08:33'),
(209, 'driver_wallet.debit', 'web', '2025-03-16 23:08:33', '2025-03-16 23:08:33'),
(210, 'service.index', 'web', '2025-03-16 23:08:33', '2025-03-16 23:08:33'),
(211, 'service.edit', 'web', '2025-03-16 23:08:33', '2025-03-16 23:08:33'),
(212, 'onboarding.index', 'web', '2025-03-16 23:08:33', '2025-03-16 23:08:33'),
(213, 'onboarding.edit', 'web', '2025-03-16 23:08:33', '2025-03-16 23:08:33'),
(214, 'service_category.index', 'web', '2025-03-16 23:08:33', '2025-03-16 23:08:33'),
(215, 'service_category.edit', 'web', '2025-03-16 23:08:33', '2025-03-16 23:08:33'),
(216, 'taxido_setting.index', 'web', '2025-03-16 23:08:33', '2025-03-16 23:08:33'),
(217, 'taxido_setting.edit', 'web', '2025-03-16 23:08:34', '2025-03-16 23:08:34'),
(218, 'ride_request.index', 'web', '2025-03-16 23:08:34', '2025-03-16 23:08:34'),
(219, 'ride_request.create', 'web', '2025-03-16 23:08:34', '2025-03-16 23:08:34'),
(220, 'ride_request.edit', 'web', '2025-03-16 23:08:34', '2025-03-16 23:08:34'),
(221, 'ride_request.destroy', 'web', '2025-03-16 23:08:34', '2025-03-16 23:08:34'),
(222, 'ride_request.restore', 'web', '2025-03-16 23:08:34', '2025-03-16 23:08:34'),
(223, 'ride_request.forceDelete', 'web', '2025-03-16 23:08:34', '2025-03-16 23:08:34'),
(224, 'ride.index', 'web', '2025-03-16 23:08:34', '2025-03-16 23:08:34'),
(225, 'ride.create', 'web', '2025-03-16 23:08:34', '2025-03-16 23:08:34'),
(226, 'ride.edit', 'web', '2025-03-16 23:08:34', '2025-03-16 23:08:34'),
(227, 'plan.index', 'web', '2025-03-16 23:08:34', '2025-03-16 23:08:34'),
(228, 'plan.create', 'web', '2025-03-16 23:08:34', '2025-03-16 23:08:34'),
(229, 'plan.edit', 'web', '2025-03-16 23:08:34', '2025-03-16 23:08:34'),
(230, 'plan.destroy', 'web', '2025-03-16 23:08:34', '2025-03-16 23:08:34'),
(231, 'plan.restore', 'web', '2025-03-16 23:08:34', '2025-03-16 23:08:34'),
(232, 'plan.forceDelete', 'web', '2025-03-16 23:08:34', '2025-03-16 23:08:34'),
(233, 'subscription.index', 'web', '2025-03-16 23:08:34', '2025-03-16 23:08:34'),
(234, 'subscription.create', 'web', '2025-03-16 23:08:34', '2025-03-16 23:08:34'),
(235, 'subscription.edit', 'web', '2025-03-16 23:08:34', '2025-03-16 23:08:34'),
(236, 'subscription.destroy', 'web', '2025-03-16 23:08:34', '2025-03-16 23:08:34'),
(237, 'subscription.purchase', 'web', '2025-03-16 23:08:34', '2025-03-16 23:08:34'),
(238, 'subscription.cancel', 'web', '2025-03-16 23:08:34', '2025-03-16 23:08:34'),
(239, 'bid.index', 'web', '2025-03-16 23:08:34', '2025-03-16 23:08:34'),
(240, 'bid.create', 'web', '2025-03-16 23:08:34', '2025-03-16 23:08:34'),
(241, 'bid.edit', 'web', '2025-03-16 23:08:34', '2025-03-16 23:08:34'),
(242, 'push_notification.index', 'web', '2025-03-16 23:08:34', '2025-03-16 23:08:34'),
(243, 'push_notification.create', 'web', '2025-03-16 23:08:34', '2025-03-16 23:08:34'),
(244, 'push_notification.destroy', 'web', '2025-03-16 23:08:34', '2025-03-16 23:08:34'),
(245, 'push_notification.forceDelete', 'web', '2025-03-16 23:08:34', '2025-03-16 23:08:34'),
(246, 'rider_wallet.index', 'web', '2025-03-16 23:08:34', '2025-03-16 23:08:34'),
(247, 'rider_wallet.credit', 'web', '2025-03-16 23:08:34', '2025-03-16 23:08:34'),
(248, 'rider_wallet.debit', 'web', '2025-03-16 23:08:34', '2025-03-16 23:08:34'),
(249, 'withdraw_request.index', 'web', '2025-03-16 23:08:34', '2025-03-16 23:08:34'),
(250, 'withdraw_request.create', 'web', '2025-03-16 23:08:34', '2025-03-16 23:08:34'),
(251, 'withdraw_request.edit', 'web', '2025-03-16 23:08:34', '2025-03-16 23:08:34'),
(252, 'report.index', 'web', '2025-03-16 23:08:34', '2025-03-16 23:08:34'),
(253, 'report.create', 'web', '2025-03-16 23:08:34', '2025-03-16 23:08:34'),
(254, 'driver_location.index', 'web', '2025-03-16 23:08:34', '2025-03-16 23:08:34'),
(255, 'driver_location.create', 'web', '2025-03-16 23:08:34', '2025-03-16 23:08:34'),
(256, 'cancellation_reason.index', 'web', '2025-03-16 23:08:34', '2025-03-16 23:08:34'),
(257, 'cancellation_reason.create', 'web', '2025-03-16 23:08:34', '2025-03-16 23:08:34'),
(258, 'cancellation_reason.edit', 'web', '2025-03-16 23:08:34', '2025-03-16 23:08:34'),
(259, 'cancellation_reason.destroy', 'web', '2025-03-16 23:08:34', '2025-03-16 23:08:34'),
(260, 'cancellation_reason.restore', 'web', '2025-03-16 23:08:34', '2025-03-16 23:08:34'),
(261, 'cancellation_reason.forceDelete', 'web', '2025-03-16 23:08:34', '2025-03-16 23:08:34'),
(262, 'driver_review.index', 'web', '2025-03-16 23:08:34', '2025-03-16 23:08:34'),
(263, 'driver_review.create', 'web', '2025-03-16 23:08:34', '2025-03-16 23:08:34'),
(264, 'driver_review.destroy', 'web', '2025-03-16 23:08:34', '2025-03-16 23:08:34'),
(265, 'driver_review.restore', 'web', '2025-03-16 23:08:34', '2025-03-16 23:08:34'),
(266, 'driver_review.forceDelete', 'web', '2025-03-16 23:08:34', '2025-03-16 23:08:34'),
(267, 'rider_review.index', 'web', '2025-03-16 23:08:34', '2025-03-16 23:08:34'),
(268, 'rider_review.create', 'web', '2025-03-16 23:08:34', '2025-03-16 23:08:34'),
(269, 'rider_review.destroy', 'web', '2025-03-16 23:08:34', '2025-03-16 23:08:34'),
(270, 'rider_review.restore', 'web', '2025-03-16 23:08:34', '2025-03-16 23:08:34'),
(271, 'rider_review.forceDelete', 'web', '2025-03-16 23:08:34', '2025-03-16 23:08:34'),
(272, 'hourly_package.index', 'web', '2025-03-16 23:08:34', '2025-03-16 23:08:34'),
(273, 'hourly_package.create', 'web', '2025-03-16 23:08:34', '2025-03-16 23:08:34'),
(274, 'hourly_package.edit', 'web', '2025-03-16 23:08:34', '2025-03-16 23:08:34'),
(275, 'hourly_package.destroy', 'web', '2025-03-16 23:08:34', '2025-03-16 23:08:34'),
(276, 'hourly_package.restore', 'web', '2025-03-16 23:08:34', '2025-03-16 23:08:34'),
(277, 'hourly_package.forceDelete', 'web', '2025-03-16 23:08:34', '2025-03-16 23:08:34'),
(278, 'rental_vehicle.index', 'web', '2025-03-16 23:08:34', '2025-03-16 23:08:34'),
(279, 'rental_vehicle.create', 'web', '2025-03-16 23:08:34', '2025-03-16 23:08:34'),
(280, 'rental_vehicle.edit', 'web', '2025-03-16 23:08:34', '2025-03-16 23:08:34'),
(281, 'rental_vehicle.destroy', 'web', '2025-03-16 23:08:34', '2025-03-16 23:08:34'),
(282, 'rental_vehicle.restore', 'web', '2025-03-16 23:08:34', '2025-03-16 23:08:34'),
(283, 'rental_vehicle.forceDelete', 'web', '2025-03-16 23:08:34', '2025-03-16 23:08:34'),
(284, 'ticket.ticket.index', 'web', '2025-03-16 23:10:09', '2025-03-16 23:10:09'),
(285, 'ticket.ticket.create', 'web', '2025-03-16 23:10:09', '2025-03-16 23:10:09'),
(286, 'ticket.ticket.reply', 'web', '2025-03-16 23:10:09', '2025-03-16 23:10:09'),
(287, 'ticket.ticket.destroy', 'web', '2025-03-16 23:10:09', '2025-03-16 23:10:09'),
(288, 'ticket.ticket.restore', 'web', '2025-03-16 23:10:09', '2025-03-16 23:10:09'),
(289, 'ticket.ticket.forceDelete', 'web', '2025-03-16 23:10:09', '2025-03-16 23:10:09'),
(290, 'ticket.priority.index', 'web', '2025-03-16 23:10:09', '2025-03-16 23:10:09'),
(291, 'ticket.priority.create', 'web', '2025-03-16 23:10:09', '2025-03-16 23:10:09'),
(292, 'ticket.priority.edit', 'web', '2025-03-16 23:10:09', '2025-03-16 23:10:09'),
(293, 'ticket.priority.destroy', 'web', '2025-03-16 23:10:09', '2025-03-16 23:10:09'),
(294, 'ticket.priority.restore', 'web', '2025-03-16 23:10:09', '2025-03-16 23:10:09'),
(295, 'ticket.priority.forceDelete', 'web', '2025-03-16 23:10:09', '2025-03-16 23:10:09'),
(296, 'ticket.executive.index', 'web', '2025-03-16 23:10:09', '2025-03-16 23:10:09'),
(297, 'ticket.executive.create', 'web', '2025-03-16 23:10:09', '2025-03-16 23:10:09'),
(298, 'ticket.executive.edit', 'web', '2025-03-16 23:10:09', '2025-03-16 23:10:09'),
(299, 'ticket.executive.destroy', 'web', '2025-03-16 23:10:09', '2025-03-16 23:10:09'),
(300, 'ticket.executive.restore', 'web', '2025-03-16 23:10:09', '2025-03-16 23:10:09'),
(301, 'ticket.executive.forceDelete', 'web', '2025-03-16 23:10:09', '2025-03-16 23:10:09'),
(302, 'ticket.department.index', 'web', '2025-03-16 23:10:09', '2025-03-16 23:10:09'),
(303, 'ticket.department.create', 'web', '2025-03-16 23:10:09', '2025-03-16 23:10:09'),
(304, 'ticket.department.edit', 'web', '2025-03-16 23:10:09', '2025-03-16 23:10:09'),
(305, 'ticket.department.show', 'web', '2025-03-16 23:10:09', '2025-03-16 23:10:09'),
(306, 'ticket.department.destroy', 'web', '2025-03-16 23:10:09', '2025-03-16 23:10:09'),
(307, 'ticket.department.restore', 'web', '2025-03-16 23:10:09', '2025-03-16 23:10:09'),
(308, 'ticket.department.forceDelete', 'web', '2025-03-16 23:10:09', '2025-03-16 23:10:09'),
(309, 'ticket.formfield.index', 'web', '2025-03-16 23:10:09', '2025-03-16 23:10:09'),
(310, 'ticket.formfield.create', 'web', '2025-03-16 23:10:09', '2025-03-16 23:10:09'),
(311, 'ticket.formfield.edit', 'web', '2025-03-16 23:10:09', '2025-03-16 23:10:09'),
(312, 'ticket.formfield.destroy', 'web', '2025-03-16 23:10:09', '2025-03-16 23:10:09'),
(313, 'ticket.formfield.restore', 'web', '2025-03-16 23:10:09', '2025-03-16 23:10:09'),
(314, 'ticket.formfield.forceDelete', 'web', '2025-03-16 23:10:09', '2025-03-16 23:10:09'),
(315, 'ticket.status.index', 'web', '2025-03-16 23:10:09', '2025-03-16 23:10:09'),
(316, 'ticket.status.create', 'web', '2025-03-16 23:10:09', '2025-03-16 23:10:09'),
(317, 'ticket.status.edit', 'web', '2025-03-16 23:10:09', '2025-03-16 23:10:09'),
(318, 'ticket.status.destroy', 'web', '2025-03-16 23:10:09', '2025-03-16 23:10:09'),
(319, 'ticket.status.restore', 'web', '2025-03-16 23:10:09', '2025-03-16 23:10:09'),
(320, 'ticket.status.forceDelete', 'web', '2025-03-16 23:10:09', '2025-03-16 23:10:09'),
(321, 'ticket.knowledge.index', 'web', '2025-03-16 23:10:09', '2025-03-16 23:10:09'),
(322, 'ticket.knowledge.create', 'web', '2025-03-16 23:10:09', '2025-03-16 23:10:09'),
(323, 'ticket.knowledge.edit', 'web', '2025-03-16 23:10:09', '2025-03-16 23:10:09'),
(324, 'ticket.knowledge.destroy', 'web', '2025-03-16 23:10:10', '2025-03-16 23:10:10'),
(325, 'ticket.knowledge.restore', 'web', '2025-03-16 23:10:10', '2025-03-16 23:10:10'),
(326, 'ticket.knowledge.forceDelete', 'web', '2025-03-16 23:10:10', '2025-03-16 23:10:10'),
(327, 'ticket.category.index', 'web', '2025-03-16 23:10:10', '2025-03-16 23:10:10'),
(328, 'ticket.category.create', 'web', '2025-03-16 23:10:10', '2025-03-16 23:10:10'),
(329, 'ticket.category.edit', 'web', '2025-03-16 23:10:10', '2025-03-16 23:10:10'),
(330, 'ticket.category.destroy', 'web', '2025-03-16 23:10:10', '2025-03-16 23:10:10'),
(331, 'ticket.tag.index', 'web', '2025-03-16 23:10:10', '2025-03-16 23:10:10'),
(332, 'ticket.tag.create', 'web', '2025-03-16 23:10:10', '2025-03-16 23:10:10'),
(333, 'ticket.tag.edit', 'web', '2025-03-16 23:10:10', '2025-03-16 23:10:10'),
(334, 'ticket.tag.destroy', 'web', '2025-03-16 23:10:10', '2025-03-16 23:10:10'),
(335, 'ticket.tag.restore', 'web', '2025-03-16 23:10:10', '2025-03-16 23:10:10'),
(336, 'ticket.tag.forceDelete', 'web', '2025-03-16 23:10:10', '2025-03-16 23:10:10'),
(337, 'ticket.setting.index', 'web', '2025-03-16 23:10:10', '2025-03-16 23:10:10'),
(338, 'ticket.setting.create', 'web', '2025-03-16 23:10:10', '2025-03-16 23:10:10'),
(339, 'ticket.setting.edit', 'web', '2025-03-16 23:10:10', '2025-03-16 23:10:10'),
(340, 'ticket.setting.destroy', 'web', '2025-03-16 23:10:10', '2025-03-16 23:10:10'),
(341, 'ticket.setting.restore', 'web', '2025-03-16 23:10:10', '2025-03-16 23:10:10'),
(342, 'ticket.setting.forceDelete', 'web', '2025-03-16 23:10:10', '2025-03-16 23:10:10');


INSERT INTO `roles` (`id`, `name`, `guard_name`, `system_reserve`, `module`, `status`, `created_at`, `updated_at`) VALUES
(1, 'admin', 'web', 1, NULL, 1, '2025-03-16 23:08:06', '2025-03-16 23:08:06'),
(2, 'user', 'web', 1, NULL, 1, '2025-03-16 23:08:07', '2025-03-16 23:08:07'),
(3, 'rider', 'web', 1, 16, 1, '2025-03-16 23:08:34', '2025-03-16 23:08:34'),
(4, 'driver', 'web', 1, 16, 1, '2025-03-16 23:08:35', '2025-03-16 23:08:35'),
(5, 'executive', 'web', 1, 17, 1, '2025-03-16 23:10:10', '2025-03-16 23:10:10'),
(6, 'dispatcher', 'web', 1, 16, 1, '2025-03-16 23:08:35', '2025-03-16 23:08:35');

INSERT INTO `model_has_permissions` (`permission_id`, `model_type`, `model_id`) VALUES
(1, 'App\\Models\\User', 1),
(2, 'App\\Models\\User', 1),
(3, 'App\\Models\\User', 1),
(4, 'App\\Models\\User', 1),
(5, 'App\\Models\\User', 1),
(6, 'App\\Models\\User', 1),
(7, 'App\\Models\\User', 1),
(8, 'App\\Models\\User', 1),
(9, 'App\\Models\\User', 1),
(10, 'App\\Models\\User', 1),
(11, 'App\\Models\\User', 1),
(12, 'App\\Models\\User', 1),
(13, 'App\\Models\\User', 1),
(14, 'App\\Models\\User', 1),
(15, 'App\\Models\\User', 1),
(16, 'App\\Models\\User', 1),
(17, 'App\\Models\\User', 1),
(18, 'App\\Models\\User', 1),
(19, 'App\\Models\\User', 1),
(20, 'App\\Models\\User', 1),
(21, 'App\\Models\\User', 1),
(22, 'App\\Models\\User', 1),
(23, 'App\\Models\\User', 1),
(24, 'App\\Models\\User', 1),
(25, 'App\\Models\\User', 1),
(26, 'App\\Models\\User', 1),
(27, 'App\\Models\\User', 1),
(28, 'App\\Models\\User', 1),
(29, 'App\\Models\\User', 1),
(30, 'App\\Models\\User', 1),
(31, 'App\\Models\\User', 1),
(32, 'App\\Models\\User', 1),
(33, 'App\\Models\\User', 1),
(34, 'App\\Models\\User', 1),
(35, 'App\\Models\\User', 1),
(36, 'App\\Models\\User', 1),
(37, 'App\\Models\\User', 1),
(38, 'App\\Models\\User', 1),
(39, 'App\\Models\\User', 1),
(40, 'App\\Models\\User', 1),
(41, 'App\\Models\\User', 1),
(42, 'App\\Models\\User', 1),
(43, 'App\\Models\\User', 1),
(44, 'App\\Models\\User', 1),
(45, 'App\\Models\\User', 1),
(46, 'App\\Models\\User', 1),
(47, 'App\\Models\\User', 1),
(48, 'App\\Models\\User', 1),
(49, 'App\\Models\\User', 1),
(50, 'App\\Models\\User', 1),
(51, 'App\\Models\\User', 1),
(52, 'App\\Models\\User', 1),
(53, 'App\\Models\\User', 1),
(54, 'App\\Models\\User', 1),
(55, 'App\\Models\\User', 1),
(56, 'App\\Models\\User', 1),
(57, 'App\\Models\\User', 1),
(58, 'App\\Models\\User', 1),
(59, 'App\\Models\\User', 1),
(60, 'App\\Models\\User', 1),
(61, 'App\\Models\\User', 1),
(62, 'App\\Models\\User', 1),
(63, 'App\\Models\\User', 1),
(64, 'App\\Models\\User', 1),
(65, 'App\\Models\\User', 1),
(66, 'App\\Models\\User', 1),
(67, 'App\\Models\\User', 1),
(68, 'App\\Models\\User', 1),
(69, 'App\\Models\\User', 1),
(70, 'App\\Models\\User', 1),
(71, 'App\\Models\\User', 1),
(72, 'App\\Models\\User', 1),
(73, 'App\\Models\\User', 1),
(74, 'App\\Models\\User', 1),
(75, 'App\\Models\\User', 1),
(76, 'App\\Models\\User', 1),
(77, 'App\\Models\\User', 1),
(78, 'App\\Models\\User', 1),
(79, 'App\\Models\\User', 1),
(80, 'App\\Models\\User', 1),
(81, 'App\\Models\\User', 1),
(82, 'App\\Models\\User', 1),
(83, 'App\\Models\\User', 1),
(84, 'App\\Models\\User', 1),
(85, 'App\\Models\\User', 1),
(86, 'App\\Models\\User', 1),
(87, 'App\\Models\\User', 1),
(88, 'App\\Models\\User', 1),
(89, 'App\\Models\\User', 1),
(90, 'App\\Models\\User', 1),
(91, 'App\\Models\\User', 1),
(92, 'App\\Models\\User', 1),
(93, 'App\\Models\\User', 1),
(94, 'App\\Models\\User', 1),
(95, 'App\\Models\\User', 1),
(96, 'App\\Models\\User', 1),
(97, 'App\\Models\\User', 1),
(98, 'App\\Models\\User', 1),
(99, 'App\\Models\\User', 1),
(100, 'App\\Models\\User', 1),
(101, 'App\\Models\\User', 1),
(102, 'App\\Models\\User', 1),
(103, 'App\\Models\\User', 1),
(104, 'App\\Models\\User', 1),
(105, 'App\\Models\\User', 1),
(106, 'App\\Models\\User', 1),
(107, 'App\\Models\\User', 1),
(108, 'App\\Models\\User', 1),
(109, 'App\\Models\\User', 1),
(110, 'App\\Models\\User', 1),
(111, 'App\\Models\\User', 1),
(112, 'App\\Models\\User', 1),
(113, 'App\\Models\\User', 1),
(114, 'App\\Models\\User', 1),
(115, 'App\\Models\\User', 1),
(116, 'App\\Models\\User', 1),
(117, 'App\\Models\\User', 1),
(118, 'App\\Models\\User', 1),
(119, 'App\\Models\\User', 1),
(120, 'App\\Models\\User', 1),
(121, 'App\\Models\\User', 1),
(122, 'App\\Models\\User', 1),
(123, 'App\\Models\\User', 1),
(124, 'App\\Models\\User', 1),
(125, 'App\\Models\\User', 1),
(126, 'App\\Models\\User', 1),
(127, 'App\\Models\\User', 1),
(128, 'App\\Models\\User', 1),
(129, 'App\\Models\\User', 1),
(130, 'App\\Models\\User', 1),
(131, 'App\\Models\\User', 1),
(132, 'App\\Models\\User', 1),
(133, 'App\\Models\\User', 1),
(134, 'App\\Models\\User', 1),
(135, 'App\\Models\\User', 1),
(136, 'App\\Models\\User', 1),
(137, 'App\\Models\\User', 1),
(138, 'App\\Models\\User', 1),
(139, 'App\\Models\\User', 1),
(140, 'App\\Models\\User', 1),
(141, 'App\\Models\\User', 1),
(142, 'App\\Models\\User', 1),
(143, 'App\\Models\\User', 1),
(144, 'App\\Models\\User', 1),
(145, 'App\\Models\\User', 1),
(146, 'App\\Models\\User', 1),
(147, 'App\\Models\\User', 1),
(148, 'App\\Models\\User', 1),
(149, 'App\\Models\\User', 1),
(150, 'App\\Models\\User', 1),
(151, 'App\\Models\\User', 1),
(152, 'App\\Models\\User', 1),
(153, 'App\\Models\\User', 1),
(154, 'App\\Models\\User', 1),
(155, 'App\\Models\\User', 1),
(156, 'App\\Models\\User', 1),
(157, 'App\\Models\\User', 1),
(158, 'App\\Models\\User', 1),
(159, 'App\\Models\\User', 1),
(160, 'App\\Models\\User', 1),
(161, 'App\\Models\\User', 1),
(162, 'App\\Models\\User', 1),
(163, 'App\\Models\\User', 1),
(164, 'App\\Models\\User', 1),
(165, 'App\\Models\\User', 1),
(166, 'App\\Models\\User', 1),
(167, 'App\\Models\\User', 1),
(168, 'App\\Models\\User', 1),
(169, 'App\\Models\\User', 1),
(170, 'App\\Models\\User', 1),
(171, 'App\\Models\\User', 1),
(172, 'App\\Models\\User', 1),
(173, 'App\\Models\\User', 1),
(174, 'App\\Models\\User', 1),
(175, 'App\\Models\\User', 1),
(176, 'App\\Models\\User', 1),
(177, 'App\\Models\\User', 1),
(178, 'App\\Models\\User', 1),
(179, 'App\\Models\\User', 1),
(180, 'App\\Models\\User', 1),
(181, 'App\\Models\\User', 1),
(182, 'App\\Models\\User', 1),
(183, 'App\\Models\\User', 1),
(184, 'App\\Models\\User', 1),
(185, 'App\\Models\\User', 1),
(186, 'App\\Models\\User', 1),
(187, 'App\\Models\\User', 1),
(188, 'App\\Models\\User', 1),
(189, 'App\\Models\\User', 1),
(190, 'App\\Models\\User', 1),
(191, 'App\\Models\\User', 1),
(192, 'App\\Models\\User', 1),
(193, 'App\\Models\\User', 1),
(194, 'App\\Models\\User', 1),
(195, 'App\\Models\\User', 1),
(196, 'App\\Models\\User', 1),
(197, 'App\\Models\\User', 1),
(198, 'App\\Models\\User', 1),
(199, 'App\\Models\\User', 1),
(200, 'App\\Models\\User', 1),
(201, 'App\\Models\\User', 1),
(202, 'App\\Models\\User', 1),
(203, 'App\\Models\\User', 1),
(204, 'App\\Models\\User', 1),
(205, 'App\\Models\\User', 1),
(206, 'App\\Models\\User', 1),
(207, 'App\\Models\\User', 1),
(208, 'App\\Models\\User', 1),
(209, 'App\\Models\\User', 1),
(210, 'App\\Models\\User', 1),
(211, 'App\\Models\\User', 1),
(212, 'App\\Models\\User', 1),
(213, 'App\\Models\\User', 1),
(214, 'App\\Models\\User', 1),
(215, 'App\\Models\\User', 1),
(216, 'App\\Models\\User', 1),
(217, 'App\\Models\\User', 1),
(218, 'App\\Models\\User', 1),
(219, 'App\\Models\\User', 1),
(220, 'App\\Models\\User', 1),
(221, 'App\\Models\\User', 1),
(222, 'App\\Models\\User', 1),
(223, 'App\\Models\\User', 1),
(224, 'App\\Models\\User', 1),
(225, 'App\\Models\\User', 1),
(226, 'App\\Models\\User', 1),
(227, 'App\\Models\\User', 1),
(228, 'App\\Models\\User', 1),
(229, 'App\\Models\\User', 1),
(230, 'App\\Models\\User', 1),
(231, 'App\\Models\\User', 1),
(232, 'App\\Models\\User', 1),
(233, 'App\\Models\\User', 1),
(234, 'App\\Models\\User', 1),
(235, 'App\\Models\\User', 1),
(236, 'App\\Models\\User', 1),
(237, 'App\\Models\\User', 1),
(238, 'App\\Models\\User', 1),
(239, 'App\\Models\\User', 1),
(240, 'App\\Models\\User', 1),
(241, 'App\\Models\\User', 1),
(242, 'App\\Models\\User', 1),
(243, 'App\\Models\\User', 1),
(244, 'App\\Models\\User', 1),
(245, 'App\\Models\\User', 1),
(246, 'App\\Models\\User', 1),
(247, 'App\\Models\\User', 1),
(248, 'App\\Models\\User', 1),
(249, 'App\\Models\\User', 1),
(250, 'App\\Models\\User', 1),
(251, 'App\\Models\\User', 1),
(252, 'App\\Models\\User', 1),
(253, 'App\\Models\\User', 1),
(254, 'App\\Models\\User', 1),
(255, 'App\\Models\\User', 1),
(256, 'App\\Models\\User', 1),
(257, 'App\\Models\\User', 1),
(258, 'App\\Models\\User', 1),
(259, 'App\\Models\\User', 1),
(260, 'App\\Models\\User', 1),
(261, 'App\\Models\\User', 1),
(262, 'App\\Models\\User', 1),
(263, 'App\\Models\\User', 1),
(264, 'App\\Models\\User', 1),
(265, 'App\\Models\\User', 1),
(266, 'App\\Models\\User', 1),
(267, 'App\\Models\\User', 1),
(268, 'App\\Models\\User', 1),
(269, 'App\\Models\\User', 1),
(270, 'App\\Models\\User', 1),
(271, 'App\\Models\\User', 1),
(272, 'App\\Models\\User', 1),
(273, 'App\\Models\\User', 1),
(274, 'App\\Models\\User', 1),
(275, 'App\\Models\\User', 1),
(276, 'App\\Models\\User', 1),
(277, 'App\\Models\\User', 1),
(278, 'App\\Models\\User', 1),
(279, 'App\\Models\\User', 1),
(280, 'App\\Models\\User', 1),
(281, 'App\\Models\\User', 1),
(282, 'App\\Models\\User', 1),
(283, 'App\\Models\\User', 1),
(284, 'App\\Models\\User', 1),
(285, 'App\\Models\\User', 1),
(286, 'App\\Models\\User', 1),
(287, 'App\\Models\\User', 1),
(288, 'App\\Models\\User', 1),
(289, 'App\\Models\\User', 1),
(290, 'App\\Models\\User', 1),
(291, 'App\\Models\\User', 1),
(292, 'App\\Models\\User', 1),
(293, 'App\\Models\\User', 1),
(294, 'App\\Models\\User', 1),
(295, 'App\\Models\\User', 1),
(296, 'App\\Models\\User', 1),
(297, 'App\\Models\\User', 1),
(298, 'App\\Models\\User', 1),
(299, 'App\\Models\\User', 1),
(300, 'App\\Models\\User', 1),
(301, 'App\\Models\\User', 1),
(302, 'App\\Models\\User', 1),
(303, 'App\\Models\\User', 1),
(304, 'App\\Models\\User', 1),
(305, 'App\\Models\\User', 1),
(306, 'App\\Models\\User', 1),
(307, 'App\\Models\\User', 1),
(308, 'App\\Models\\User', 1),
(309, 'App\\Models\\User', 1),
(310, 'App\\Models\\User', 1),
(311, 'App\\Models\\User', 1),
(312, 'App\\Models\\User', 1),
(313, 'App\\Models\\User', 1),
(314, 'App\\Models\\User', 1),
(315, 'App\\Models\\User', 1),
(316, 'App\\Models\\User', 1),
(317, 'App\\Models\\User', 1),
(318, 'App\\Models\\User', 1),
(319, 'App\\Models\\User', 1),
(320, 'App\\Models\\User', 1),
(321, 'App\\Models\\User', 1),
(322, 'App\\Models\\User', 1),
(323, 'App\\Models\\User', 1),
(324, 'App\\Models\\User', 1),
(325, 'App\\Models\\User', 1),
(326, 'App\\Models\\User', 1),
(327, 'App\\Models\\User', 1),
(328, 'App\\Models\\User', 1),
(329, 'App\\Models\\User', 1),
(330, 'App\\Models\\User', 1),
(331, 'App\\Models\\User', 1),
(332, 'App\\Models\\User', 1),
(333, 'App\\Models\\User', 1),
(334, 'App\\Models\\User', 1),
(335, 'App\\Models\\User', 1),
(336, 'App\\Models\\User', 1),
(337, 'App\\Models\\User', 1),
(338, 'App\\Models\\User', 1),
(339, 'App\\Models\\User', 1),
(340, 'App\\Models\\User', 1),
(341, 'App\\Models\\User', 1),
(342, 'App\\Models\\User', 1);

INSERT INTO `model_has_roles` (`role_id`, `model_type`, `model_id`) VALUES
(1, 'App\\Models\\User', 1),
(2, 'App\\Models\\User', 2),
(3, 'App\\Models\\User', 3),
(4, 'App\\Models\\User', 4),
(5, 'App\\Models\\User', 5),
(3, 'App\\Models\\User', 6),
(3, 'App\\Models\\User', 7),
(3, 'App\\Models\\User', 8),
(3, 'App\\Models\\User', 9),
(3, 'App\\Models\\User', 10),
(3, 'App\\Models\\User', 11),
(3, 'App\\Models\\User', 12),
(3, 'App\\Models\\User', 13),
(3, 'App\\Models\\User', 14),
(3, 'App\\Models\\User', 15),
(3, 'App\\Models\\User', 16),
(4, 'App\\Models\\User', 17),
(4, 'App\\Models\\User', 18),
(4, 'App\\Models\\User', 19),
(4, 'App\\Models\\User', 20),
(4, 'App\\Models\\User', 21),
(4, 'App\\Models\\User', 22),
(4, 'App\\Models\\User', 23),
(4, 'App\\Models\\User', 24),
(4, 'App\\Models\\User', 25),
(4, 'App\\Models\\User', 26),
(4, 'App\\Models\\User', 27),
(4, 'App\\Models\\User', 28),
(4, 'App\\Models\\User', 29),
(4, 'App\\Models\\User', 30),
(4, 'App\\Models\\User', 31),
(4, 'App\\Models\\User', 32),
(4, 'App\\Models\\User', 33),
(4, 'App\\Models\\User', 34),
(4, 'App\\Models\\User', 35),
(4, 'App\\Models\\User', 36),
(3, 'App\\Models\\User', 37),
(3, 'App\\Models\\User', 38),
(3, 'App\\Models\\User', 39),
(3, 'App\\Models\\User', 40),
(3, 'App\\Models\\User', 41),
(3, 'App\\Models\\User', 42),
(3, 'App\\Models\\User', 43),
(2, 'App\\Models\\User', 44),
(2, 'App\\Models\\User', 45),
(2, 'App\\Models\\User', 46),
(2, 'App\\Models\\User', 47),
(2, 'App\\Models\\User', 48),
(5, 'App\\Models\\User', 49),
(5, 'App\\Models\\User', 50),
(5, 'App\\Models\\User', 51),
(5, 'App\\Models\\User', 52),
(5, 'App\\Models\\User', 53),
(4, 'App\\Models\\User', 54),
(4, 'App\\Models\\User', 55),
(2, 'App\\Models\\User', 56);

INSERT INTO `role_has_permissions` (`permission_id`, `role_id`) VALUES
(1, 1),
(2, 1),
(3, 1),
(4, 1),
(5, 1),
(6, 1),
(7, 1),
(8, 1),
(9, 1),
(10, 1),
(11, 1),
(12, 1),
(13, 1),
(14, 1),
(15, 1),
(16, 1),
(17, 1),
(18, 1),
(19, 1),
(20, 1),
(21, 1),
(22, 1),
(23, 1),
(24, 1),
(25, 1),
(26, 1),
(27, 1),
(28, 1),
(29, 1),
(30, 1),
(31, 1),
(32, 1),
(33, 1),
(34, 1),
(35, 1),
(36, 1),
(37, 1),
(38, 1),
(39, 1),
(40, 1),
(41, 1),
(42, 1),
(43, 1),
(44, 1),
(45, 1),
(46, 1),
(47, 1),
(48, 1),
(49, 1),
(50, 1),
(51, 1),
(52, 1),
(53, 1),
(54, 1),
(55, 1),
(56, 1),
(57, 1),
(58, 1),
(59, 1),
(60, 1),
(61, 1),
(62, 1),
(63, 1),
(64, 1),
(65, 1),
(66, 1),
(67, 1),
(68, 1),
(69, 1),
(70, 1),
(71, 1),
(72, 1),
(73, 1),
(74, 1),
(75, 1),
(76, 1),
(77, 1),
(78, 1),
(79, 1),
(80, 1),
(81, 1),
(82, 1),
(83, 1),
(84, 1),
(85, 1),
(86, 1),
(87, 1),
(88, 1),
(89, 1),
(90, 1),
(91, 1),
(92, 1),
(93, 1),
(94, 1),
(95, 1),
(96, 1),
(97, 1),
(98, 1),
(99, 1),
(100, 1),
(101, 1),
(102, 1),
(103, 1),
(104, 1),
(105, 1),
(106, 1),
(107, 1),
(108, 1),
(109, 1),
(110, 1),
(111, 1),
(112, 1),
(113, 1),
(114, 1),
(115, 1),
(21, 2),
(25, 2),
(31, 2),
(37, 2),
(43, 2),
(49, 2),
(55, 2),
(61, 2),
(106, 2),
(284, 2),
(285, 2),
(286, 2),
(287, 2),
(288, 2),
(289, 2),
(321, 2),
(327, 2),
(331, 2),
(116, 3),
(128, 3),
(140, 3),
(146, 3),
(152, 3),
(158, 3),
(182, 3),
(210, 3),
(212, 3),
(214, 3),
(218, 3),
(219, 3),
(220, 3),
(221, 3),
(224, 3),
(225, 3),
(226, 3),
(227, 3),
(239, 3),
(241, 3),
(246, 3),
(256, 3),
(262, 3),
(263, 3),
(267, 3),
(272, 3),
(278, 3),
(122, 4),
(124, 4),
(146, 4),
(152, 4),
(176, 4),
(182, 4),
(188, 4),
(189, 4),
(194, 4),
(200, 4),
(207, 4),
(210, 4),
(212, 4),
(214, 4),
(218, 4),
(220, 4),
(224, 4),
(226, 4),
(227, 4),
(233, 4),
(237, 4),
(238, 4),
(239, 4),
(240, 4),
(249, 4),
(250, 4),
(262, 4),
(267, 4),
(268, 4),
(272, 4),
(278, 4),
(279, 4),
(280, 4),
(281, 4),
(282, 4),
(122, 5),
(124, 5),
(128, 5),
(130, 5),
(134, 5),
(218, 5),
(220, 5),
(221, 5),
(222, 5),
(224, 5),
(226, 5),
(254, 5),
(256, 5),
(284, 6),
(285, 6),
(286, 6);

INSERT INTO `menu_items` (`id`, `label`, `route`, `params`, `slug`, `permission`, `parent`, `module`, `section`, `sort`, `class`, `icon`, `badge`, `badgeable`, `menu`, `depth`, `quick_link`, `status`, `role_id`, `created_by_id`, `created_at`, `updated_at`, `deleted_at`) VALUES
(1, 'static.dashboard', 'admin.dashboard.index', NULL, 'staticdashboard', '', 0, NULL, 'static.home', 0, NULL, 'ri-dashboard-line', 0, 0, 1, 0, 0, 1, 0, 1, '2025-03-16 23:08:07', '2025-03-16 23:08:07', NULL),
(2, 'static.users.users', 'admin.user.index', NULL, 'staticusersusers', 'user.index', 0, NULL, 'static.user_management', 1, NULL, 'ri-group-line', 0, 0, 1, 0, 0, 1, 0, 1, '2025-03-16 23:08:07', '2025-03-16 23:08:07', NULL),
(3, 'static.users.all', 'admin.user.index', NULL, 'staticusersall', 'user.index', 2, NULL, 'static.user_management', 2, NULL, 'ri-user-3-line', 0, 0, 1, 1, 0, 1, 0, 1, '2025-03-16 23:08:07', '2025-03-16 23:08:07', NULL),
(4, 'static.users.add', 'admin.user.create', NULL, 'staticusersadd', 'user.create', 2, NULL, 'static.user_management', 3, NULL, 'ri-user-add-line', 0, 0, 1, 1, 0, 1, 0, 1, '2025-03-16 23:08:07', '2025-03-16 23:08:07', NULL),
(5, 'static.users.role_permissions', 'admin.role.index', NULL, 'staticusersrole-permissions', 'role.index', 2, NULL, 'static.user_management', 4, NULL, 'ri-lock-line', 0, 0, 1, 1, 0, 1, 0, 1, '2025-03-16 23:08:07', '2025-03-16 23:08:07', NULL),
(6, 'static.media.media', 'admin.media.index', NULL, 'staticmediamedia', 'attachment.index', 0, NULL, 'static.home', 5, NULL, 'ri-folder-open-line', 0, 0, 1, 0, 0, 1, 0, 1, '2025-03-16 23:08:07', '2025-03-16 23:08:07', NULL),
(7, 'static.blogs.blogs', 'admin.blog.index', NULL, 'staticblogsblogs', 'blog.index', 0, NULL, 'static.content_management', 6, NULL, 'ri-pushpin-line', 0, 0, 1, 0, 0, 1, 0, 1, '2025-03-16 23:08:07', '2025-03-16 23:08:07', NULL),
(8, 'static.blogs.all_blogs', 'admin.blog.index', NULL, 'staticblogsall-blogs', 'blog.index', 7, NULL, 'static.content_management', 7, NULL, 'ri-bookmark-line', 0, 0, 1, 1, 0, 1, 0, 1, '2025-03-16 23:08:07', '2025-03-16 23:08:07', NULL),
(9, 'static.blogs.add_blogs', 'admin.blog.create', NULL, 'staticblogsadd-blogs', 'blog.create', 7, NULL, 'static.content_management', 8, NULL, 'ri-add-line', 0, 0, 1, 1, 0, 1, 0, 1, '2025-03-16 23:08:07', '2025-03-16 23:08:07', NULL),
(10, 'static.categories.categories', 'admin.category.index', NULL, 'staticcategoriescategories', 'category.index', 7, NULL, 'static.content_management', 9, NULL, 'ri-folder-line', 0, 0, 1, 1, 0, 1, 0, 1, '2025-03-16 23:08:07', '2025-03-16 23:08:07', NULL),
(11, 'static.tags.tags', 'admin.tag.index', NULL, 'statictagstags', 'tag.index', 7, NULL, 'static.content_management', 10, NULL, 'ri-price-tag-3-line', 0, 0, 1, 1, 0, 1, 0, 1, '2025-03-16 23:08:07', '2025-03-16 23:08:07', NULL),
(12, 'static.pages.pages', 'admin.page.index', NULL, 'staticpagespages', 'page.index', 0, NULL, 'static.content_management', 11, NULL, 'ri-pages-line', 0, 0, 1, 0, 0, 1, 0, 1, '2025-03-16 23:08:07', '2025-03-16 23:08:07', NULL),
(13, 'static.pages.all_page', 'admin.page.index', NULL, 'staticpagesall-page', 'page.index', 12, NULL, 'static.content_management', 12, NULL, 'ri-list-check', 0, 0, 1, 1, 0, 1, 0, 1, '2025-03-16 23:08:07', '2025-03-16 23:08:07', NULL),
(14, 'static.pages.add', 'admin.page.create', NULL, 'staticpagesadd', 'page.create', 12, NULL, 'static.content_management', 13, NULL, 'ri-add-line', 0, 0, 1, 1, 0, 1, 0, 1, '2025-03-16 23:08:07', '2025-03-16 23:08:07', NULL),
(15, 'static.notify_templates.notify_templates', 'admin.email-template.index', NULL, 'staticnotify-templatesnotify-templates', 'email_template.index', 0, NULL, 'static.promotion_management', 14, NULL, 'ri-pushpin-line', 0, 0, 1, 0, 0, 1, 0, 1, '2025-03-16 23:08:07', '2025-03-16 23:08:07', NULL),
(16, 'static.notify_templates.email', 'admin.email-template.index', NULL, 'staticnotify-templatesemail', 'email_template.index', 15, NULL, 'static.promotion_management', 15, NULL, 'ri-dashboard-line', 0, 0, 1, 1, 0, 1, 0, 1, '2025-03-16 23:08:08', '2025-03-16 23:08:08', NULL),
(17, 'static.notify_templates.sms', 'admin.sms-template.index', NULL, 'staticnotify-templatessms', 'sms_template.index', 15, NULL, 'static.promotion_management', 16, NULL, 'ri-dashboard-line', 0, 0, 1, 1, 0, 1, 0, 1, '2025-03-16 23:08:08', '2025-03-16 23:08:08', NULL),
(18, 'static.notify_templates.push_notification', 'admin.push-notification-template.index', NULL, 'staticnotify-templatespush-notification', 'push_notification_template.index', 15, NULL, 'static.promotion_management', 17, NULL, 'ri-dashboard-line', 0, 0, 1, 1, 0, 1, 0, 1, '2025-03-16 23:08:08', '2025-03-16 23:08:08', NULL),
(19, 'static.testimonials.testimonials', 'admin.testimonial.index', NULL, 'statictestimonialstestimonials', 'testimonial.index', 0, NULL, 'static.promotion_management', 18, NULL, 'ri-group-line', 0, 0, 1, 0, 0, 1, 0, 1, '2025-03-16 23:08:08', '2025-03-16 23:08:08', NULL),
(20, 'static.testimonials.all_testimonials', 'admin.testimonial.index', NULL, 'statictestimonialsall-testimonials', 'testimonial.index', 19, NULL, 'static.promotion_management', 19, NULL, 'ri-list-check', 0, 0, 1, 1, 0, 1, 0, 1, '2025-03-16 23:08:08', '2025-03-16 23:08:08', NULL),
(21, 'static.testimonials.add', 'admin.testimonial.create', NULL, 'statictestimonialsadd', 'testimonial.create', 19, NULL, 'static.promotion_management', 20, NULL, 'ri-add-line', 0, 0, 1, 1, 0, 1, 0, 1, '2025-03-16 23:08:08', '2025-03-16 23:08:08', NULL),
(22, 'static.faqs.faqs', 'admin.faq.index', NULL, 'staticfaqsfaqs', 'faq.index', 0, NULL, 'static.content_management', 21, NULL, 'ri-questionnaire-line', 0, 0, 1, 0, 0, 1, 0, 1, '2025-03-16 23:08:08', '2025-03-16 23:08:08', NULL),
(23, 'static.general_settings', 'admin.setting.index', NULL, 'staticgeneral-settings', 'setting.index', 0, NULL, 'static.setting_management', 22, NULL, 'ri-settings-5-line', 0, 0, 1, 0, 0, 1, 0, 1, '2025-03-16 23:08:08', '2025-03-16 23:08:08', NULL),
(24, 'static.languages.languages', 'admin.language.index', NULL, 'staticlanguageslanguages', 'language.index', 23, NULL, 'static.setting_management', 23, NULL, 'ri-translate-2', 0, 0, 1, 1, 0, 1, 0, 1, '2025-03-16 23:08:08', '2025-03-16 23:08:08', NULL),
(25, 'static.taxes.taxes', 'admin.tax.index', NULL, 'statictaxestaxes', 'tax.index', 23, NULL, 'static.financial_management', 24, NULL, 'ri-percent-line', 0, 0, 1, 1, 0, 1, 0, 1, '2025-03-16 23:08:08', '2025-03-16 23:08:08', NULL),
(26, 'static.currencies.currencies', 'admin.currency.index', NULL, 'staticcurrenciescurrencies', 'currency.index', 23, NULL, 'static.financial_management', 25, NULL, 'ri-currency-line', 0, 0, 1, 1, 0, 1, 0, 1, '2025-03-16 23:08:08', '2025-03-16 23:08:08', NULL),
(27, 'static.plugins.plugins', 'admin.plugin.index', NULL, 'staticpluginsplugins', 'plugin.index', 23, NULL, 'static.setting_management', 26, NULL, 'ri-plug-line', 0, 0, 1, 1, 0, 1, 0, 1, '2025-03-16 23:08:08', '2025-03-16 23:08:08', NULL),
(28, 'static.payment_methods.payment_methods', 'admin.payment-method.index', NULL, 'staticpayment-methodspayment-methods', 'payment-method.index', 23, NULL, 'static.setting_management', 27, NULL, 'ri-secure-payment-line', 0, 0, 1, 1, 0, 1, 0, 1, '2025-03-16 23:08:08', '2025-03-16 23:08:08', NULL),
(29, 'static.sms_gateways.sms_gateways', 'admin.sms-gateway.index', NULL, 'staticsms-gatewayssms-gateways', 'sms-gateway.index', 23, NULL, 'static.setting_management', 28, NULL, 'ri-message-2-line', 0, 0, 1, 1, 0, 1, 0, 1, '2025-03-16 23:08:08', '2025-03-16 23:08:08', NULL),
(30, 'static.systems.about', 'admin.about-system.index', NULL, 'staticsystemsabout', 'about-system.index', 23, NULL, 'static.setting_management', 29, NULL, 'ri-apps-line', 0, 0, 1, 1, 0, 1, 0, 1, '2025-03-16 23:08:08', '2025-03-16 23:08:08', NULL),
(31, 'static.settings.settings', 'admin.setting.index', NULL, 'staticsettingssettings', 'setting.index', 23, NULL, 'static.setting_management', 30, NULL, 'ri-settings-5-line', 0, 0, 1, 1, 0, 1, 0, 1, '2025-03-16 23:08:08', '2025-03-16 23:08:08', NULL),
(32, 'static.appearance.appearance', 'admin.robot.index', NULL, 'staticappearanceappearance', 'appearance.index', 0, NULL, 'static.setting_management', 31, NULL, 'ri-swap-3-line', 0, 0, 1, 0, 0, 1, 0, 1, '2025-03-16 23:08:08', '2025-03-16 23:08:08', NULL),
(33, 'static.appearance.robots', 'admin.robot.index', NULL, 'staticappearancerobots', 'appearance.index', 32, NULL, 'static.setting_management', 32, NULL, '', 0, 0, 1, 1, 0, 1, 0, 1, '2025-03-16 23:08:08', '2025-03-16 23:08:08', NULL),
(34, 'static.landing_pages.landing_page_title', 'admin.landing-page.index', NULL, 'staticlanding-pageslanding-page-title', 'landing_page.index', 32, NULL, 'static.setting_management', 33, NULL, 'ri-pages-line', 0, 0, 1, 1, 0, 1, 0, 1, '2025-03-16 23:08:08', '2025-03-16 23:08:08', NULL),
(35, 'static.landing_pages.subscribers', 'admin.subscribes', NULL, 'staticlanding-pagessubscribers', 'landing_page.index', 32, NULL, 'static.setting_management', 34, NULL, 'ri-pages-line', 0, 0, 1, 1, 0, 1, 0, 1, '2025-03-16 23:08:08', '2025-03-16 23:08:08', NULL),
(36, 'static.appearance.customizations', 'admin.customization.index', NULL, 'staticappearancecustomizations', 'appearance.index', 32, NULL, 'static.setting_management', 35, NULL, 'ri-pages-line', 0, 0, 1, 1, 0, 1, 0, 1, '2025-03-16 23:08:08', '2025-03-16 23:08:08', NULL),
(37, 'static.system_tools.system_tools', 'admin.backup.index', NULL, 'staticsystem-toolssystem-tools', 'system-tool.index', 0, NULL, 'static.setting_management', 36, NULL, 'ri-shield-user-line', 0, 0, 1, 0, 0, 1, 0, 1, '2025-03-16 23:08:08', '2025-03-16 23:08:08', NULL),
(38, 'static.system_tools.backup', 'admin.backup.index', NULL, 'staticsystem-toolsbackup', 'system-tool.index', 37, NULL, 'static.setting_management', 37, NULL, '', 0, 0, 1, 1, 0, 1, 0, 1, '2025-03-16 23:08:08', '2025-03-16 23:08:08', NULL),
(39, 'static.system_tools.activity_logs', 'admin.activity-logs.index', NULL, 'staticsystem-toolsactivity-logs', 'system-tool.index', 37, NULL, 'static.setting_management', 38, NULL, '', 0, 0, 1, 1, 0, 1, 0, 1, '2025-03-16 23:08:08', '2025-03-16 23:08:08', NULL),
(40, 'static.system_tools.database_cleanup', 'admin.cleanup-db.index', NULL, 'staticsystem-toolsdatabase-cleanup', 'system-tool.index', 37, NULL, 'static.setting_management', 39, NULL, '', 0, 0, 1, 1, 0, 1, 0, 1, '2025-03-16 23:08:08', '2025-03-16 23:08:08', NULL),
(41, 'static.menus.menus', 'admin.menu.index', NULL, 'staticmenusmenus', 'menu.index', 0, NULL, 'static.setting_management', 40, NULL, 'ri-menu-2-line', 0, 0, 1, 0, 0, 1, 0, 1, '2025-03-16 23:08:08', '2025-03-16 23:08:08', NULL),
(42, 'taxido::static.riders.riders', NULL, NULL, 'tx_riders', 'rider.index', 0, 16, 'static.user_management', 3, NULL, 'ri-group-line', 0, 0, 1, 0, 0, 1, 0, 1, '2025-03-16 23:08:32', '2025-03-16 23:10:17', NULL),
(43, 'taxido::static.riders.all', 'admin.rider.index', NULL, 'tx_all_riders', 'rider.index', 42, 16, 'static.user_management', 41, NULL, 'ri-team-line', 0, 0, 1, 1, 0, 1, 0, 1, '2025-03-16 23:08:32', '2025-03-16 23:10:17', NULL),
(44, 'taxido::static.riders.add', 'admin.rider.create', NULL, 'tx_rider_create', 'rider.create', 42, 16, 'static.user_management', 42, NULL, 'ri-user-add-line', 0, 0, 1, 1, 0, 1, 0, 1, '2025-03-16 23:08:32', '2025-03-16 23:10:17', NULL),
(45, 'taxido::static.wallets.wallet', 'admin.rider-wallet.index', NULL, 'tx_rider_wallet', 'rider_wallet.index', 42, 16, 'static.user_management', 43, NULL, 'ri-wallet-line', 0, 0, 1, 1, 0, 1, 0, 1, '2025-03-16 23:08:32', '2025-03-16 23:10:17', NULL),
(46, 'taxido::static.drivers.drivers', NULL, NULL, 'tx_drivers', 'driver.index', 0, 16, 'static.user_management', 4, NULL, 'ri-user-2-line', 0, 0, 1, 0, 0, 1, 0, 1, '2025-03-16 23:08:32', '2025-03-16 23:10:17', NULL),
(47, 'taxido::static.drivers.verified_drivers', 'admin.driver.index', NULL, 'tx_all_drivers', 'driver.index', 46, 16, 'static.user_management', 44, NULL, 'ri-check-line', 0, 0, 1, 1, 0, 1, 0, 1, '2025-03-16 23:08:32', '2025-03-16 23:10:17', NULL),
(48, 'ticket::static.ticket.support_ticket', NULL, NULL, 'ticket', 'ticket.ticket.index', 0, 17, 'ticket::static.section', 11, NULL, 'ri-user-voice-line', 0, 0, 1, 0, 0, 1, 0, 1, '2025-03-16 23:08:32', '2025-03-16 23:10:18', NULL),
(49, 'ticket::static.ticket.dashboard', 'admin.ticket.dashboard', NULL, 'tc_ticket_dashboard', 'ticket.ticket.index', 48, 17, 'ticket::static.section', 12, NULL, 'ri-group-line', 0, 0, 1, 1, 0, 1, 0, 1, '2025-03-16 23:08:32', '2025-03-16 23:10:18', NULL),
(50, 'ticket::static.ticket.all', 'admin.ticket.index', NULL, 'tc_ticket', 'ticket.ticket.index', 48, 17, 'ticket::static.section', 45, NULL, 'ri-group-line', 0, 0, 1, 1, 0, 1, 0, 1, '2025-03-16 23:08:32', '2025-03-16 23:10:18', NULL),
(51, 'ticket::static.executive.all_support_executive', 'admin.executive.index', NULL, 'tc_all_executives', 'ticket.executive.index', 48, 17, 'ticket::static.section', 46, NULL, 'ri-team-line', 0, 0, 1, 1, 0, 1, 0, 1, '2025-03-16 23:08:32', '2025-03-16 23:10:18', NULL),
(52, 'ticket::static.ticket.status', 'admin.status.index', NULL, 'tc_status', 'ticket.status.index', 48, 17, 'ticket::static.section', 47, NULL, 'ri-group-line', 0, 0, 1, 1, 0, 1, 0, 1, '2025-03-16 23:08:32', '2025-03-16 23:10:18', NULL),
(53, 'ticket::static.priority.priority', 'admin.priority.index', NULL, 'tc_priority', 'ticket.priority.index', 48, 17, 'ticket::static.section', 48, NULL, 'ri-group-line', 0, 0, 1, 1, 0, 1, 0, 1, '2025-03-16 23:08:32', '2025-03-16 23:10:18', NULL),
(54, 'ticket::static.knowledge.knowledge', NULL, NULL, 'tc_knowledge', 'ticket.knowledge.index', 0, 17, 'ticket::static.section', 13, NULL, 'ri-git-repository-line', 0, 0, 1, 0, 0, 1, 0, 1, '2025-03-16 23:08:32', '2025-03-16 23:10:18', NULL),
(55, 'ticket::static.knowledge.all', 'admin.knowledge.index', NULL, 'tc_all_knowledge', 'ticket.knowledge.index', 54, 17, 'ticket::static.section', 49, NULL, 'ri-team-line', 0, 0, 1, 1, 0, 1, 0, 1, '2025-03-16 23:08:32', '2025-03-16 23:10:18', NULL),
(56, 'ticket::static.knowledge.add', 'admin.knowledge.create', NULL, 'tc_knowledge_create', 'ticket.knowledge.create', 54, 17, 'ticket::static.section', 50, NULL, 'ri-id-card-line', 0, 0, 1, 1, 0, 1, 0, 1, '2025-03-16 23:08:32', '2025-03-16 23:10:18', NULL),
(57, 'ticket::static.knowledge.categories', 'admin.ticket.category.index', NULL, 'tc_category', 'ticket.category.index', 54, 17, 'ticket::static.section', 51, NULL, 'ri-id-card-line', 0, 0, 1, 1, 0, 1, 0, 1, '2025-03-16 23:08:32', '2025-03-16 23:10:18', NULL),
(58, 'ticket::static.knowledge.tags', 'admin.ticket.tag.index', NULL, 'tc_tag', 'ticket.tag.index', 54, 17, 'ticket::static.section', 52, NULL, 'ri-id-card-line', 0, 0, 1, 1, 0, 1, 0, 1, '2025-03-16 23:08:32', '2025-03-16 23:10:18', NULL),
(59, 'ticket::static.department.department', 'admin.department.index', NULL, 'tc_department', 'ticket.department.index', 48, 17, 'ticket::static.section', 53, NULL, 'ri-group-line', 0, 0, 1, 1, 0, 1, 0, 1, '2025-03-16 23:08:32', '2025-03-16 23:10:18', NULL),
(60, 'ticket::static.formfield.formfield', 'admin.formfield.index', NULL, 'tc_formfield', 'ticket.formfield.index', 48, 17, 'ticket::static.section', 54, NULL, 'ri-group-line', 0, 0, 1, 1, 0, 1, 0, 1, '2025-03-16 23:08:32', '2025-03-16 23:10:18', NULL),
(61, 'ticket::static.setting.settings', 'admin.ticket.setting.index', NULL, 'tc_setting', 'ticket.setting.index', 48, 17, 'ticket::static.section', 55, NULL, 'ri-group-line', 0, 0, 1, 1, 0, 1, 0, 1, '2025-03-16 23:08:32', '2025-03-16 23:10:18', NULL),
(62, 'taxido::static.drivers.unverified_driver', 'admin.driver.unverified-drivers', NULL, 'tx_unverified_drivers', 'unverified_driver.index', 46, 16, 'static.user_management', 56, NULL, 'ri-alert-line', 0, 1, 1, 1, 0, 1, 0, 1, '2025-03-16 23:10:07', '2025-03-16 23:10:17', NULL),
(63, 'taxido::static.drivers.add', 'admin.driver.create', NULL, 'tx_driver_add', 'driver.create', 46, 16, 'static.user_management', 57, NULL, 'ri-add-line', 0, 0, 1, 1, 0, 1, 0, 1, '2025-03-16 23:10:07', '2025-03-16 23:10:17', NULL),
(64, 'taxido::static.driver_documents.driver_documents', 'admin.driver-document.index', NULL, 'tx_driverDocument', 'driver_document.index', 46, 16, 'static.user_management', 58, NULL, 'ri-document-line', 0, 1, 1, 1, 0, 1, 0, 1, '2025-03-16 23:10:07', '2025-03-16 23:10:17', NULL),
(65, 'taxido::static.driver_rules.driver_rules', 'admin.driver-rule.index', NULL, 'tx_driverRule', 'driver_rule.index', 46, 16, 'static.user_management', 59, NULL, 'ri-gavel-line', 0, 0, 1, 1, 0, 1, 0, 1, '2025-03-16 23:10:07', '2025-03-16 23:10:17', NULL),
(66, 'taxido::static.locations.driver_location', 'admin.driver-location.index', NULL, 'tx_locations', 'driver_location.index', 46, 16, 'static.user_management', 60, NULL, 'ri-road-map-line', 0, 0, 1, 1, 0, 1, 0, 1, '2025-03-16 23:10:07', '2025-03-16 23:10:17', NULL),
(67, 'taxido::static.notices.notice', 'admin.notice.index', NULL, 'taxidostaticnoticesnotice', 'notice.index', 46, 16, 'static.user_management', 61, NULL, 'ri-notice-line', 0, 0, 1, 1, 0, 1, 0, 1, '2025-03-16 23:10:07', '2025-03-16 23:10:17', NULL),
(68, 'taxido::static.wallets.wallet', 'admin.driver-wallet.index', NULL, 'taxidostaticwalletswallet', 'driver_wallet.index', 46, 16, 'static.user_management', 62, NULL, 'ri-wallet-line', 0, 0, 1, 1, 0, 1, 0, 1, '2025-03-16 23:10:07', '2025-03-16 23:10:17', NULL),
(69, 'taxido::static.withdraw_requests.withdraw_request', 'admin.withdraw-request.index', NULL, 'tx_withdrawRequest', 'withdraw_request.index', 46, 16, 'static.user_management', 63, NULL, 'ri-money-dollar-circle-line', 0, 1, 1, 1, 0, 1, 0, 1, '2025-03-16 23:10:07', '2025-03-16 23:10:17', NULL),
(70, 'taxido::static.commission_histories.commission_histories', 'admin.cab-commission-history.index', NULL, 'tx_commissionHistory', 'cab_commission_history.index', 46, 16, 'static.user_management', 64, NULL, 'ri-money-dollar-circle-line', 0, 0, 1, 1, 0, 1, 0, 1, '2025-03-16 23:10:08', '2025-03-16 23:10:17', NULL),
(71, 'taxido::static.dispatchers.dispatchers', NULL, NULL, 'tx_dispatcher', 'rider.index', 0, 16, 'static.user_management', 65, NULL, 'ri-group-line', 0, 0, 1, 0, 0, 1, 0, 1, '2025-03-16 23:10:08', '2025-03-16 23:10:17', NULL),
(72, 'taxido::static.dispatchers.all', 'admin.dispatcher.index', NULL, 'tx_all_dispatchers', 'dispatcher.index', 71, 16, 'static.user_management', 66, NULL, 'ri-team-line', 0, 0, 1, 1, 0, 1, 0, 1, '2025-03-16 23:10:08', '2025-03-16 23:10:17', NULL),
(73, 'taxido::static.dispatchers.add', 'admin.dispatcher.create', NULL, 'tx_dispatcher_create', 'dispatcher.create', 71, 16, 'static.user_management', 67, NULL, 'ri-user-add-line', 0, 0, 1, 1, 0, 1, 0, 1, '2025-03-16 23:10:08', '2025-03-16 23:10:17', NULL),
(74, 'taxido::static.zones.zones', NULL, NULL, 'zones', 'zone.index', 0, 16, 'taxido::static.cab_management', 6, NULL, 'ri-route-line', 0, 0, 1, 0, 0, 1, 0, 1, '2025-03-16 23:10:08', '2025-03-16 23:10:17', NULL),
(75, 'taxido::static.zones.zones', 'admin.zone.index', NULL, 'tx_zones', 'zone.index', 74, 16, 'taxido::static.cab_management', 68, NULL, 'ri-map-2-line', 0, 0, 1, 1, 0, 1, 0, 1, '2025-03-16 23:10:08', '2025-03-16 23:10:17', NULL),
(76, 'taxido::static.zones.add', 'admin.zone.create', NULL, 'tx_zones_create', 'zone.create', 74, 16, 'taxido::static.cab_management', 69, NULL, 'ri-map-2-line', 0, 0, 1, 1, 0, 1, 0, 1, '2025-03-16 23:10:08', '2025-03-16 23:10:17', NULL),
(77, 'taxido::static.services.services', 'admin.service.index', NULL, 'tx_service', 'service.index', 0, 16, 'taxido::static.cab_management', 7, NULL, 'ri-taxi-line', 0, 0, 1, 0, 0, 1, 0, 1, '2025-03-16 23:10:08', '2025-03-16 23:10:17', NULL),
(78, 'taxido::static.service_categories.serviceCategory', 'admin.service-category.index', NULL, 'tx_serviceCategory', 'service_category.index', 0, 16, 'taxido::static.cab_management', 8, NULL, 'ri-pin-distance-line', 0, 0, 1, 0, 0, 1, 0, 1, '2025-03-16 23:10:08', '2025-03-16 23:10:17', NULL),
(79, 'taxido::static.heatmaps.heat_map', 'admin.ride-request.heatmap', NULL, 'tx_heatmap', 'heat_map.index', 0, 16, 'taxido::static.cab_management', 9, NULL, 'ri-fire-line', 0, 0, 1, 0, 0, 1, 0, 1, '2025-03-16 23:10:08', '2025-03-16 23:10:17', NULL),
(80, 'taxido::static.vehicles', NULL, NULL, 'taxido', 'vehicle_type.index', 0, 16, 'taxido::static.cab_management', 10, NULL, 'ri-taxi-line', 0, 0, 1, 0, 0, 1, 0, 1, '2025-03-16 23:10:08', '2025-03-16 23:10:17', NULL),
(81, 'taxido::static.vehicle_types.vehicles', 'admin.vehicle-type.index', NULL, 'tx_vehicleType', 'vehicle_type.index', 80, 16, 'taxido::static.cab_management', 70, NULL, 'ri-car-line', 0, 0, 1, 1, 0, 1, 0, 1, '2025-03-16 23:10:08', '2025-03-16 23:10:17', NULL),
(82, 'taxido::static.rental_vehicle.rental_vehicles', 'admin.rental-vehicle.index', NULL, 'tx_rental_vehicle', 'rental_vehicle.index', 80, 16, 'taxido::static.cab_management', 71, NULL, 'ri-clock-line', 0, 0, 1, 1, 0, 1, 0, 1, '2025-03-16 23:10:08', '2025-03-16 23:10:17', NULL),
(83, 'taxido::static.hourly_package.hourly_packages', 'admin.hourly-package.index', NULL, 'tx_hourlyPackage', 'hourly_package.index', 80, 16, 'taxido::static.cab_management', 72, NULL, 'ri-clock-line', 0, 0, 1, 1, 0, 1, 0, 1, '2025-03-16 23:10:08', '2025-03-16 23:10:17', NULL),
(84, 'taxido::static.documents.documents', 'admin.document.index', NULL, 'tx_documents', 'document.index', 80, 16, 'taxido::static.cab_management', 73, NULL, 'ri-file-line', 0, 0, 1, 1, 0, 1, 0, 1, '2025-03-16 23:10:08', '2025-03-16 23:10:17', NULL),
(85, 'taxido::static.soses.soses', 'admin.sos.index', NULL, 'tx_sos', 'sos.index', 80, 16, 'taxido::static.cab_management', 74, NULL, 'ri-alert-line', 0, 0, 1, 1, 0, 1, 0, 1, '2025-03-16 23:10:08', '2025-03-16 23:10:17', NULL),
(86, 'taxido::static.cancellation-reasons.cancellation-reasons', 'admin.cancellation-reason.index', NULL, 'tx_cancellationReason', 'cancellation_reason.index', 80, 16, 'taxido::static.cab_management', 75, NULL, 'ri-error-warning-line', 0, 0, 1, 1, 0, 1, 0, 1, '2025-03-16 23:10:08', '2025-03-16 23:10:17', NULL),
(87, 'taxido::static.subscriptions.subscriptions', NULL, NULL, 'tx_subscription', 'plan.index', 0, 16, 'taxido::static.cab_management', 11, NULL, 'ri-calendar-todo-line', 0, 0, 1, 0, 0, 1, 0, 1, '2025-03-16 23:10:08', '2025-03-16 23:10:17', NULL),
(88, 'taxido::static.subscriptions.driver_subscription', 'admin.driver-subscription.index', NULL, 'tx_driverSubscription', 'subscription.index', 87, 16, 'taxido::static.cab_management', 76, NULL, 'ri-file-blank-line', 0, 0, 1, 1, 0, 1, 0, 1, '2025-03-16 23:10:08', '2025-03-16 23:10:17', NULL),
(89, 'taxido::static.plans.plans', 'admin.plan.index', NULL, 'tx_plans', 'plan.index', 87, 16, 'taxido::static.cab_management', 77, NULL, 'ri-gavel-line', 0, 0, 1, 1, 0, 1, 0, 1, '2025-03-16 23:10:08', '2025-03-16 23:10:17', NULL),
(90, 'taxido::static.coupons.coupons', 'admin.coupon.index', NULL, 'tx_coupons', 'coupon.index', 0, 16, 'taxido::static.cab_management', 12, NULL, 'ri-coupon-2-line', 0, 0, 1, 0, 0, 1, 0, 1, '2025-03-16 23:10:08', '2025-03-16 23:10:17', NULL),
(91, 'taxido::static.reports.reports', NULL, NULL, 'tx_reports', 'report.index', 0, 16, 'taxido::static.cab_management', 13, NULL, 'ri-folder-chart-line', 0, 0, 1, 0, 0, 1, 0, 1, '2025-03-16 23:10:08', '2025-03-16 23:10:17', NULL),
(92, 'taxido::static.reports.transaction_reports', 'admin.transaction-report.index', NULL, 'tx_transaction_reports', 'report.index', 91, 16, 'taxido::static.cab_management', 78, NULL, 'ri-road-line', 0, 0, 1, 1, 0, 1, 0, 1, '2025-03-16 23:10:08', '2025-03-16 23:10:17', NULL),
(93, 'taxido::static.reports.ride_reports', 'admin.ride-report.index', NULL, 'tx_ride_reports', 'report.index', 91, 16, 'taxido::static.cab_management', 79, NULL, 'ri-traffic-line', 0, 0, 1, 1, 0, 1, 0, 1, '2025-03-16 23:10:08', '2025-03-16 23:10:17', NULL),
(94, 'taxido::static.reports.driver_reports', 'admin.driver-report.index', NULL, 'tx_driver_reports', 'report.index', 91, 16, 'taxido::static.cab_management', 80, NULL, 'ri-user-line', 0, 0, 1, 1, 0, 1, 0, 1, '2025-03-16 23:10:08', '2025-03-16 23:10:17', NULL),
(95, 'taxido::static.reports.coupon_reports', 'admin.coupon-report.index', NULL, 'tx_coupon_reports', 'report.index', 91, 16, 'taxido::static.cab_management', 81, NULL, 'ri-road-line', 0, 0, 1, 1, 0, 1, 0, 1, '2025-03-16 23:10:08', '2025-03-16 23:10:17', NULL),
(96, 'taxido::static.reports.zone_reports', 'admin.zone-report.index', NULL, 'tx_zone_reports', 'report.index', 91, 16, 'taxido::static.cab_management', 82, NULL, 'ri-bar-chart-2-line', 0, 0, 1, 1, 0, 1, 0, 1, '2025-03-16 23:10:08', '2025-03-16 23:10:17', NULL),
(97, 'taxido::static.reviews.reviews', NULL, NULL, 'tx_reviews', 'driver_review.index', 0, 16, 'taxido::static.cab_management', 14, NULL, 'ri-user-star-line', 0, 0, 1, 0, 0, 1, 0, 1, '2025-03-16 23:10:08', '2025-03-16 23:10:17', NULL),
(98, 'taxido::static.reviews.rider_reviews', 'admin.rider-review.index', NULL, 'tx_rider_review', 'rider.create', 97, 16, 'taxido::static.cab_management', 83, NULL, 'ri-star-line', 0, 0, 1, 1, 0, 1, 0, 1, '2025-03-16 23:10:08', '2025-03-16 23:10:17', NULL),
(99, 'taxido::static.reviews.driver_reviews', 'admin.driver-review.index', NULL, 'taxidostaticreviewsdriver-reviews', 'driver_review.index', 97, 16, 'taxido::static.cab_management', 84, NULL, 'ri-star-line', 0, 0, 1, 1, 0, 1, 0, 1, '2025-03-16 23:10:08', '2025-03-16 23:10:17', NULL),
(100, 'taxido::static.settings.app_settings', 'admin.taxido-setting.index', NULL, 'tx_setting', 'taxido_setting.index', 0, 16, 'taxido::static.cab_management', 15, NULL, 'ri-settings-4-line', 0, 0, 1, 0, 0, 1, 0, 1, '2025-03-16 23:10:08', '2025-03-16 23:10:17', NULL),
(101, 'taxido::static.rides.rides', NULL, NULL, 'tx_ride', 'ride.index', 0, 16, 'static.home', 10, NULL, 'ri-map-2-line', 0, 0, 1, 0, 0, 1, 0, 1, '2025-03-16 23:10:08', '2025-03-16 23:10:17', NULL),
(102, 'taxido::static.rides.ride_requests', 'admin.ride-request.index', NULL, 'tx_all_ride_requests', 'ride_request.index', 101, 16, 'static.home', 85, NULL, 'ri-traffic-light-line', 0, 0, 1, 1, 0, 1, 0, 1, '2025-03-16 23:10:08', '2025-03-16 23:10:17', NULL),
(103, 'taxido::static.rides.all', 'admin.ride.index', NULL, 'tx_all_rides', 'ride.index', 101, 16, 'static.home', 86, NULL, 'ri-traffic-light-line', 0, 0, 1, 1, 0, 1, 0, 1, '2025-03-16 23:10:08', '2025-03-16 23:10:17', NULL),
(104, 'taxido::static.rides.scheduled', 'admin.ride.scheduled-rides', NULL, 'tx_scheduled_rides', 'ride.index', 101, 16, 'static.home', 87, NULL, 'ri-traffic-light-line', 0, 1, 1, 1, 0, 1, 0, 1, '2025-03-16 23:10:08', '2025-03-16 23:10:17', NULL),
(105, 'taxido::static.rides.accepted', 'admin.ride.accepted-rides', NULL, 'tx_accepted_rides', 'ride.index', 101, 16, 'static.home', 88, NULL, 'ri-traffic-light-line', 0, 1, 1, 1, 0, 1, 0, 1, '2025-03-16 23:10:08', '2025-03-16 23:10:17', NULL),
(106, 'taxido::static.rides.arrived', 'admin.ride.arrived-rides', NULL, 'tx_arrived_rides', 'ride.index', 101, 16, 'static.home', 89, NULL, 'ri-traffic-light-line', 0, 1, 1, 1, 0, 1, 0, 1, '2025-03-16 23:10:08', '2025-03-16 23:10:17', NULL),
(107, 'taxido::static.rides.started', 'admin.ride.started-rides', NULL, 'tx_started_rides', 'ride.index', 101, 16, 'static.home', 90, NULL, 'ri-traffic-light-line', 0, 1, 1, 1, 0, 1, 0, 1, '2025-03-16 23:10:08', '2025-03-16 23:10:17', NULL),
(108, 'taxido::static.rides.cancelled', 'admin.ride.cancelled-rides', NULL, 'tx_cancelled_rides', 'ride.index', 101, 16, 'static.home', 91, NULL, 'ri-traffic-light-line', 0, 1, 1, 1, 0, 1, 0, 1, '2025-03-16 23:10:08', '2025-03-16 23:10:17', NULL),
(109, 'taxido::static.rides.completed', 'admin.ride.completed-rides', NULL, 'tx_completed_rides', 'ride.index', 101, 16, 'static.home', 92, NULL, 'ri-traffic-light-line', 0, 1, 1, 1, 0, 1, 0, 1, '2025-03-16 23:10:08', '2025-03-16 23:10:17', NULL),
(110, 'taxido::static.banners.banners', 'admin.banner.index', NULL, 'tx_banners', 'banner.index', 0, 16, 'static.promotion_management', 93, NULL, 'ri-todo-line', 0, 0, 1, 0, 0, 1, 0, 1, '2025-03-16 23:10:08', '2025-03-16 23:10:17', NULL),
(111, 'taxido::static.onboardings.onboardings', 'admin.onboarding.index', NULL, 'tx_onboardings', 'onboarding.index', 0, 16, 'static.promotion_management', 94, NULL, 'ri-guide-line', 0, 0, 1, 0, 0, 1, 0, 1, '2025-03-16 23:10:09', '2025-03-16 23:10:17', NULL),
(112, 'taxido::static.push_notification.push_notification', NULL, NULL, 'tx_pushNotification', 'push_notification.index', 0, 16, 'static.promotion_management', 11, NULL, 'ri-send-plane-line', 0, 0, 1, 0, 0, 1, 0, 1, '2025-03-16 23:10:09', '2025-03-16 23:10:17', NULL),
(113, 'taxido::static.push_notification.all', 'admin.push-notification.index', NULL, 'tx_all_pushNotification', 'push_notification.index', 112, 16, 'static.promotion_management', 95, NULL, 'ri-notification-2-line', 0, 0, 1, 1, 0, 1, 0, 1, '2025-03-16 23:10:09', '2025-03-16 23:10:17', NULL),
(114, 'taxido::static.push_notification.send', 'admin.push-notification.create', NULL, 'tx_send_pushNotification', 'push_notification.create', 112, 16, 'static.promotion_management', 96, NULL, 'ri-send-plane-line', 0, 0, 1, 1, 0, 1, 0, 1, '2025-03-16 23:10:09', '2025-03-16 23:10:17', NULL);


INSERT INTO `migrations` (`id`, `migration`, `batch`) VALUES
(1, '0001_01_01_000000_create_users_table', 1),
(2, '0001_01_01_000001_create_cache_table', 1),
(3, '0001_01_01_000002_create_jobs_table', 1),
(4, '2014_10_12_100000_create_password_resets_table', 1),
(5, '2017_08_11_073824_create_menus_wp_table', 1),
(6, '2017_08_11_074006_create_menu_items_wp_table', 1),
(7, '2021_11_25_094447_create_countries_table', 1),
(8, '2022_05_30_090203_create_media_table', 1),
(9, '2022_09_28_105314_create_categories_table', 1),
(10, '2022_10_01_135505_create_tags_table', 1),
(11, '2023_04_20_044705_create_notifications_table', 1),
(12, '2023_05_30_112559_create_modules_table', 1),
(13, '2023_10_07_060301_create_blogs_table', 1),
(14, '2023_11_15_131828_create_pages_table', 1),
(15, '2023_12_05_062849_create_payment_gateways_table', 1),
(16, '2024_04_20_061325_create_plugins_table', 1),
(17, '2024_05_01_042107_create_auth_tokens_table', 1),
(18, '2024_05_23_082318_create_personal_access_tokens_table', 1),
(19, '2024_05_25_081827_create_permission_tables', 1),
(20, '2024_07_09_095953_create_taxes_table', 1),
(21, '2024_07_09_104520_create_currencies_table', 1),
(22, '2024_07_12_043614_create_languages_table', 1),
(23, '2024_07_12_044309_add_columns_users_table', 1),
(24, '2024_07_12_044309_create_settings_table', 1),
(25, '2024_07_12_044309_create_taxido_settings_table', 1),
(26, '2024_07_18_084646_create_banners_table', 1),
(27, '2024_07_18_084724_create_documents_table', 1),
(28, '2024_07_18_084755_create_vehicle_types_table', 1),
(29, '2024_07_19_082823_create_priorities_table', 1),
(30, '2024_07_19_090319_create_zones_table', 1),
(31, '2024_07_19_090419_create_addresses_table', 1),
(32, '2024_07_19_130334_create_faqs_table', 1),
(33, '2024_07_22_070950_create_driver_rules_table', 1),
(34, '2024_07_22_090803_create_form_fields_table', 1),
(35, '2024_07_22_124552_create_payment_accounts_table', 1),
(36, '2024_07_23_070424_create_sos_table', 1),
(37, '2024_07_24_083029_create_message_table', 1),
(38, '2024_07_24_101439_create_wallets_table', 1),
(39, '2024_07_24_103346_create_driver_documents_table', 1),
(40, '2024_07_25_052049_create_ticket_settings_table', 1),
(41, '2024_07_30_064738_create_services_table', 1),
(42, '2024_08_01_061513_create_statuses_table', 1),
(43, '2024_08_02_115838_create_hourly_packages_table', 1),
(44, '2024_08_02_130158_create_coupons_table', 1),
(45, '2024_08_12_045713_create_departments_table', 1),
(46, '2024_08_12_115839_create_service_categories_table', 1),
(47, '2024_08_13_052445_create_tickets_table', 1),
(48, '2024_08_29_102551_create_withdraw_requests_table', 1),
(49, '2024_08_31_033317_add_alternative_text_to_media_table', 1),
(50, '2024_08_31_052446_create_reports_table', 1),
(51, '2024_09_03_070923_create_push_notifications_table', 1),
(52, '2024_09_03_072944_create_ratings_table', 1),
(53, '2024_09_06_122033_create_knowledge_base_categories_table', 1),
(54, '2024_09_06_123438_create_landing_pages_table', 1),
(55, '2024_09_07_094637_create_knowledge_base_tags_table', 1),
(56, '2024_09_09_094216_create_knowledge_bases_table', 1),
(57, '2024_09_09_115527_create_cancellation_reasons_table', 1),
(58, '2024_10_01_124515_create_rental_vehicles', 1),
(59, '2024_10_02_115840_create_rides_table', 1),
(60, '2024_10_07_120923_create_rider_reviews_table', 1),
(61, '2024_10_07_121023_create_driver_reviews_table', 1),
(62, '2024_10_12_083722_create_email_templates', 1),
(63, '2024_10_14_111617_create_sms_templates', 1),
(64, '2024_10_15_041531_create_push_notification_templates', 1),
(65, '2024_11_22_062049_create_notices_table', 1),
(66, '2024_11_25_035910_create_testimonials_table', 1),
(67, '2024_11_27_054315_create_backup_logs', 1),
(68, '2024_11_28_120846_create_activity_log_table', 1),
(69, '2024_11_28_120847_add_event_column_to_activity_log_table', 1),
(70, '2024_11_28_120848_add_batch_uuid_column_to_activity_log_table', 1),
(71, '2024_12_16_035102_create_customizations_table', 1),
(72, '2024_12_22_060359_create_cab_commission_histories_table', 1),
(73, '2025_01_03_092822_create_plans_table', 1),
(74, '2025_01_20_133742_2023_10_07_060301_create_subscribes_table', 1),
(75, '2025_03_12_052604_create_onboardings_table', 1);


CREATE TABLE `dispatcher_zones` (
    `id` bigint UNSIGNED NOT NULL,
    `dispatcher_id` bigint UNSIGNED NOT NULL,
    `zone_id` bigint UNSIGNED NOT NULL
  ) ENGINE=InnoDB DEFAULT CHARSET=utf8mb4 COLLATE=utf8mb4_unicode_ci;

  --
  -- Indexes for dumped tables
  --

  --
  -- Indexes for table `dispatcher_zones`
  --
  ALTER TABLE `dispatcher_zones`
    ADD PRIMARY KEY (`id`),
    ADD KEY `dispatcher_zones_zone_id_foreign` (`zone_id`),
    ADD KEY `dispatcher_zones_dispatcher_id_foreign` (`dispatcher_id`);

  --
  -- AUTO_INCREMENT for dumped tables
  --

  --
  -- AUTO_INCREMENT for table `dispatcher_zones`
  --
  ALTER TABLE `dispatcher_zones`
    MODIFY `id` bigint UNSIGNED NOT NULL AUTO_INCREMENT;

  --
  -- Constraints for dumped tables
  --

  --
  -- Constraints for table `dispatcher_zones`
  --
  ALTER TABLE `dispatcher_zones`
    ADD CONSTRAINT `dispatcher_zones_dispatcher_id_foreign` FOREIGN KEY (`dispatcher_id`) REFERENCES `users` (`id`) ON DELETE CASCADE,
    ADD CONSTRAINT `dispatcher_zones_zone_id_foreign` FOREIGN KEY (`zone_id`) REFERENCES `zones` (`id`) ON DELETE CASCADE;

  CREATE TABLE `onboardings` (
  `id` bigint UNSIGNED NOT NULL,
  `title` varchar(255) COLLATE utf8mb4_unicode_ci DEFAULT NULL,
  `type` enum('rider','driver') COLLATE utf8mb4_unicode_ci DEFAULT 'rider',
  `description` longtext COLLATE utf8mb4_unicode_ci,
  `onboarding_image_id` varchar(255) COLLATE utf8mb4_unicode_ci DEFAULT NULL,
  `status` int DEFAULT '1',
  `created_by_id` bigint UNSIGNED DEFAULT NULL,
  `created_at` timestamp NULL DEFAULT NULL,
  `updated_at` timestamp NULL DEFAULT NULL,
  `deleted_at` timestamp NULL DEFAULT NULL
) ENGINE=InnoDB DEFAULT CHARSET=utf8mb4 COLLATE=utf8mb4_unicode_ci;

--
-- Dumping data for table `onboardings`
--

INSERT INTO `onboardings` (`id`, `title`, `type`, `description`, `onboarding_image_id`, `status`, `created_by_id`, `created_at`, `updated_at`, `deleted_at`) VALUES
(1, '{\"en\":\"Accept A Job\"}', 'driver', '{\"en\":\"Easily browse and accept job requests in just one tap. Stay in control of your schedule and start earning instantly.\"}', '{\"en\":691}', 1, NULL, '2025-03-16 23:50:42', '2025-03-16 23:50:42', NULL),
(2, '{\"en\":\"Earn Money\"}', 'driver', '{\"en\":\"Complete rides or deliveries and earn money seamlessly. Get paid quickly and enjoy financial freedom on your terms.\"}', '{\"en\":689}', 1, NULL, '2025-03-16 23:50:42', '2025-03-16 23:50:42', NULL),
(3, '{\"en\":\"Enable Your Location\"}', 'driver', '{\"en\":\"Turn on your location services to receive nearby job requests and provide better service to customers in real-time\"}', '{\"en\":687}', 1, NULL, '2025-03-16 23:50:42', '2025-03-16 23:50:42', NULL),
(4, '{\"en\":\"Choose Your Destination\"}', 'rider', '{\"en\":\"Select your preferred route or destination before starting your ride. Plan your trips for a smooth and hassle-free journey.\"}', '{\"en\":685}', 1, NULL, '2025-03-16 23:50:42', '2025-03-16 23:50:42', NULL),
(5, '{\"en\":\"Enjoy Your Trip\"}', 'rider', '{\"en\":\"Sit back and enjoy a comfortable ride with our seamless service. Travel with ease and reach your destination worry-free.\"}', '{\"en\":683}', 1, NULL, '2025-03-16 23:50:42', '2025-03-16 23:50:42', NULL),
(6, '{\"en\":\"Check Fare & Book Ride\"}', 'rider', '{\"en\":\"Get an estimated fare before confirming your ride. Compare options and book your trip with confidence.\"}', '{\"en\":681}', 1, NULL, '2025-03-16 23:50:42', '2025-03-16 23:50:42', NULL);

--
-- Indexes for dumped tables
--

--
-- Indexes for table `onboardings`
--
ALTER TABLE `onboardings`
  ADD PRIMARY KEY (`id`),
  ADD KEY `onboardings_created_by_id_foreign` (`created_by_id`);

--
-- AUTO_INCREMENT for dumped tables
--

--
-- AUTO_INCREMENT for table `onboardings`
--
ALTER TABLE `onboardings`
  MODIFY `id` bigint UNSIGNED NOT NULL AUTO_INCREMENT, AUTO_INCREMENT=7;

--
-- Constraints for dumped tables
--

--
-- Constraints for table `onboardings`
--
ALTER TABLE `onboardings`
  ADD CONSTRAINT `onboardings_created_by_id_foreign` FOREIGN KEY (`created_by_id`) REFERENCES `users` (`id`) ON DELETE CASCADE;

UPDATE `permissions` SET `name` = 'admin_menu.destroy' WHERE `permissions`.`id` = 115;
UPDATE `permissions` SET `name` = 'admin_menu.edit' WHERE `permissions`.`id` = 114;
UPDATE `permissions` SET `name` = 'admin_menu.create' WHERE `permissions`.`id` = 113;
UPDATE `permissions` SET `name` = 'admin_menu.index' WHERE `permissions`.`id` = 112;

SET FOREIGN_KEY_CHECKS=1;
COMMIT;
