SET FOREIGN_KEY_CHECKS=0;
DELETE FROM `model_has_roles`;
DELETE FROM `model_has_permissions`;
DELETE FROM `role_has_permissions`;
DELETE FROM `permissions`;
DELETE FROM `roles`;
DELETE FROM `modules`;
DELETE FROM `menu_items`;
DELETE FROM `migrations`;

ALTER TABLE `model_has_roles` AUTO_INCREMENT = 1;
ALTER TABLE `model_has_permissions` AUTO_INCREMENT = 1;
ALTER TABLE `role_has_permissions` AUTO_INCREMENT = 1;
ALTER TABLE `permissions` AUTO_INCREMENT = 1;
ALTER TABLE `roles` AUTO_INCREMENT = 1;
ALTER TABLE `modules` AUTO_INCREMENT = 1;
ALTER TABLE `menu_items` AUTO_INCREMENT = 1;
ALTER TABLE `menu_items` CHANGE `badgeable` `badgeable` TINYINT(1) NULL DEFAULT '0';
ALTER TABLE `menu_items` CHANGE `badge` `badge` INT NULL DEFAULT '0';
ALTER TABLE `migrations` AUTO_INCREMENT = 1;

INSERT INTO `modules` (`id`, `name`, `actions`, `created_at`, `updated_at`, `deleted_at`) VALUES
(1, 'media', '{\"index\":\"media.index\",\"create\":\"media.create\",\"edit\":\"media.edit\",\"trash\":\"media.destroy\",\"restore\":\"media.restore\",\"delete\":\"media.forceDelete\"}', '2025-05-29 23:42:44', '2025-05-29 23:42:44', NULL),
(2, 'users', '{\"index\":\"user.index\",\"create\":\"user.create\",\"edit\":\"user.edit\",\"trash\":\"user.destroy\",\"restore\":\"user.restore\",\"delete\":\"user.forceDelete\"}', '2025-05-29 23:42:44', '2025-05-29 23:42:44', NULL),
(3, 'roles', '{\"index\":\"role.index\",\"create\":\"role.create\",\"edit\":\"role.edit\",\"delete\":\"role.destroy\"}', '2025-05-29 23:42:44', '2025-05-29 23:42:44', NULL),
(4, 'attachments', '{\"index\":\"attachment.index\",\"create\":\"attachment.create\",\"delete\":\"attachment.destroy\",\"edit\":\"attachment.edit\"}', '2025-05-29 23:42:45', '2025-05-29 23:42:45', NULL),
(5, 'categories', '{\"index\":\"category.index\",\"create\":\"category.create\",\"edit\":\"category.edit\",\"delete\":\"category.destroy\"}', '2025-05-29 23:42:45', '2025-05-29 23:42:45', NULL),
(6, 'tags', '{\"index\":\"tag.index\",\"create\":\"tag.create\",\"edit\":\"tag.edit\",\"trash\":\"tag.destroy\",\"restore\":\"tag.restore\",\"delete\":\"tag.forceDelete\"}', '2025-05-29 23:42:45', '2025-05-29 23:42:45', NULL),
(7, 'blogs', '{\"index\":\"blog.index\",\"create\":\"blog.create\",\"edit\":\"blog.edit\",\"trash\":\"blog.destroy\",\"restore\":\"blog.restore\",\"delete\":\"blog.forceDelete\"}', '2025-05-29 23:42:45', '2025-05-29 23:42:45', NULL),
(8, 'pages', '{\"index\":\"page.index\",\"create\":\"page.create\",\"edit\":\"page.edit\",\"trash\":\"page.destroy\",\"restore\":\"page.restore\",\"delete\":\"page.forceDelete\"}', '2025-05-29 23:42:45', '2025-05-29 23:42:45', NULL),
(9, 'testimonials', '{\"index\":\"testimonial.index\",\"create\":\"testimonial.create\",\"edit\":\"testimonial.edit\",\"trash\":\"testimonial.destroy\",\"restore\":\"testimonial.restore\",\"delete\":\"testimonial.forceDelete\"}', '2025-05-29 23:42:45', '2025-05-29 23:42:45', NULL),
(10, 'taxes', '{\"index\":\"tax.index\",\"create\":\"tax.create\",\"edit\":\"tax.edit\",\"trash\":\"tax.destroy\",\"restore\":\"tax.restore\",\"delete\":\"tax.forceDelete\"}', '2025-05-29 23:42:45', '2025-05-29 23:42:45', NULL),
(11, 'currencies', '{\"index\":\"currency.index\",\"create\":\"currency.create\",\"edit\":\"currency.edit\",\"trash\":\"currency.destroy\",\"restore\":\"currency.restore\",\"delete\":\"currency.forceDelete\"}', '2025-05-29 23:42:46', '2025-05-29 23:42:46', NULL),
(12, 'languages', '{\"index\":\"language.index\",\"create\":\"language.create\",\"edit\":\"language.edit\",\"trash\":\"language.destroy\",\"restore\":\"language.restore\",\"delete\":\"language.forceDelete\"}', '2025-05-29 23:42:46', '2025-05-29 23:42:46', NULL),
(13, 'settings', '{\"index\":\"ticket.setting.index\",\"create\":\"ticket.setting.create\",\"edit\":\"ticket.setting.edit\",\"trash\":\"ticket.setting.destroy\",\"restore\":\"ticket.setting.restore\",\"delete\":\"ticket.setting.forceDelete\"}', '2025-05-29 23:42:46', '2025-05-29 23:43:26', NULL),
(14, 'system-tools', '{\"index\":\"system-tool.index\",\"create\":\"system-tool.create\",\"edit\":\"system-tool.edit\",\"trash\":\"system-tool.destroy\",\"restore\":\"system-tool.restore\",\"delete\":\"system-tool.forceDelete\"}', '2025-05-29 23:42:46', '2025-05-29 23:42:46', NULL),
(15, 'plugins', '{\"index\":\"plugin.index\",\"create\":\"plugin.create\",\"edit\":\"plugin.edit\",\"trash\":\"plugin.destroy\",\"restore\":\"plugin.restore\",\"delete\":\"plugin.forceDelete\"}', '2025-05-29 23:42:46', '2025-05-29 23:42:46', NULL),
(16, 'about-system', '{\"index\":\"about-system.index\"}', '2025-05-29 23:42:47', '2025-05-29 23:42:47', NULL),
(17, 'payment-methods', '{\"index\":\"payment-method.index\",\"edit\":\"payment-method.edit\"}', '2025-05-29 23:42:47', '2025-05-29 23:42:47', NULL),
(18, 'sms-gateways', '{\"index\":\"sms-gateway.index\",\"edit\":\"sms-gateway.edit\"}', '2025-05-29 23:42:47', '2025-05-29 23:42:47', NULL),
(19, 'sms_templates', '{\"index\":\"sms_template.index\",\"create\":\"sms_template.create\",\"edit\":\"sms_template.edit\",\"trash\":\"sms_template.destroy\",\"delete\":\"sms_template.forceDelete\"}', '2025-05-29 23:42:47', '2025-05-29 23:42:47', NULL),
(20, 'email_templates', '{\"index\":\"email_template.index\",\"create\":\"email_template.create\",\"trash\":\"email_template.destroy\",\"edit\":\"email_template.edit\",\"delete\":\"email_template.forceDelete\"}', '2025-05-29 23:42:47', '2025-05-29 23:42:47', NULL),
(21, 'push_notification_templates', '{\"index\":\"push_notification_template.index\",\"create\":\"push_notification_template.create\",\"trash\":\"push_notification_template.destroy\",\"edit\":\"push_notification_template.edit\",\"delete\":\"push_notification_template.forceDelete\"}', '2025-05-29 23:42:47', '2025-05-29 23:42:47', NULL),
(22, 'landing_page', '{\"index\":\"landing_page.index\",\"edit\":\"landing_page.edit\"}', '2025-05-29 23:42:47', '2025-05-29 23:42:47', NULL),
(23, 'appearance', '{\"index\":\"appearance.index\",\"edit\":\"appearance.edit\",\"create\":\"appearance.create\"}', '2025-05-29 23:42:47', '2025-05-29 23:42:47', NULL),
(24, 'backups', '{\"index\":\"backup.index\",\"create\":\"backup.create\",\"edit\":\"backup.edit\",\"trash\":\"backup.destroy\",\"restore\":\"backup.restore\",\"delete\":\"backup.forceDelete\"}', '2025-05-29 23:42:47', '2025-05-29 23:42:47', NULL),
(25, 'riders', '{\"index\":\"rider.index\",\"create\":\"rider.create\",\"edit\":\"rider.edit\",\"trash\":\"rider.destroy\",\"restore\":\"rider.restore\",\"delete\":\"rider.forceDelete\"}', '2025-05-29 23:43:09', '2025-05-29 23:43:09', NULL),
(26, 'drivers', '{\"index\":\"driver.index\",\"create\":\"driver.create\",\"edit\":\"driver.edit\",\"trash\":\"driver.destroy\",\"restore\":\"driver.restore\",\"delete\":\"driver.forceDelete\"}', '2025-05-29 23:43:09', '2025-05-29 23:43:09', NULL),
(27, 'dispatchers', '{\"index\":\"dispatcher.index\",\"create\":\"dispatcher.create\",\"edit\":\"dispatcher.edit\",\"trash\":\"dispatcher.destroy\",\"restore\":\"dispatcher.restore\",\"delete\":\"dispatcher.forceDelete\"}', '2025-05-29 23:43:09', '2025-05-29 23:43:09', NULL),
(28, 'unverified_drivers', '{\"index\":\"unverified_driver.index\",\"create\":\"unverified_driver.create\",\"edit\":\"unverified_driver.edit\",\"trash\":\"unverified_driver.destroy\",\"restore\":\"unverified_driver.restore\",\"delete\":\"unverified_driver.forceDelete\"}', '2025-05-29 23:43:09', '2025-05-29 23:43:09', NULL),
(29, 'banners', '{\"index\":\"banner.index\",\"create\":\"banner.create\",\"edit\":\"banner.edit\",\"trash\":\"banner.destroy\",\"restore\":\"banner.restore\",\"delete\":\"banner.forceDelete\"}', '2025-05-29 23:43:10', '2025-05-29 23:43:10', NULL),
(30, 'documents', '{\"index\":\"document.index\",\"create\":\"document.create\",\"edit\":\"document.edit\",\"trash\":\"document.destroy\",\"restore\":\"document.restore\",\"delete\":\"document.forceDelete\"}', '2025-05-29 23:43:10', '2025-05-29 23:43:10', NULL),
(31, 'vehicle_types', '{\"index\":\"vehicle_type.index\",\"create\":\"vehicle_type.create\",\"edit\":\"vehicle_type.edit\",\"trash\":\"vehicle_type.destroy\",\"restore\":\"vehicle_type.restore\",\"delete\":\"vehicle_type.forceDelete\"}', '2025-05-29 23:43:10', '2025-05-29 23:43:10', NULL),
(32, 'coupons', '{\"index\":\"coupon.index\",\"create\":\"coupon.create\",\"edit\":\"coupon.edit\",\"trash\":\"coupon.destroy\",\"restore\":\"coupon.restore\",\"delete\":\"coupon.forceDelete\"}', '2025-05-29 23:43:10', '2025-05-29 23:43:10', NULL),
(33, 'zones', '{\"index\":\"zone.index\",\"create\":\"zone.create\",\"edit\":\"zone.edit\",\"trash\":\"zone.destroy\",\"restore\":\"zone.restore\",\"delete\":\"zone.forceDelete\"}', '2025-05-29 23:43:10', '2025-05-29 23:43:10', NULL),
(34, 'faqs', '{\"index\":\"faq.index\",\"create\":\"faq.create\",\"edit\":\"faq.edit\",\"trash\":\"faq.destroy\",\"restore\":\"faq.restore\",\"delete\":\"faq.forceDelete\"}', '2025-05-29 23:43:10', '2025-05-29 23:43:10', NULL),
(35, 'heatmaps', '{\"index\":\"heat_map.index\",\"create\":\"heat_map.create\",\"edit\":\"heat_map.edit\",\"trash\":\"heat_map.destroy\",\"restore\":\"heat_map.restore\",\"delete\":\"heat_map.forceDelete\"}', '2025-05-29 23:43:10', '2025-05-29 23:43:10', NULL),
(36, 'soses', '{\"index\":\"sos.index\",\"create\":\"sos.create\",\"edit\":\"sos.edit\",\"trash\":\"sos.destroy\",\"restore\":\"sos.restore\",\"delete\":\"sos.forceDelete\"}', '2025-05-29 23:43:10', '2025-05-29 23:43:10', NULL),
(37, 'driver_documents', '{\"index\":\"driver_document.index\",\"create\":\"driver_document.create\",\"edit\":\"driver_document.edit\",\"trash\":\"driver_document.destroy\",\"restore\":\"driver_document.restore\",\"delete\":\"driver_document.forceDelete\"}', '2025-05-29 23:43:10', '2025-05-29 23:43:10', NULL),
(38, 'driver_rules', '{\"index\":\"driver_rule.index\",\"create\":\"driver_rule.create\",\"edit\":\"driver_rule.edit\",\"trash\":\"driver_rule.destroy\",\"restore\":\"driver_rule.restore\",\"delete\":\"driver_rule.forceDelete\"}', '2025-05-29 23:43:10', '2025-05-29 23:43:10', NULL),
(39, 'cab_commission_histories', '{\"index\":\"cab_commission_history.index\"}', '2025-05-29 23:43:11', '2025-05-29 23:43:11', NULL),
(40, 'notices', '{\"index\":\"notice.index\",\"create\":\"notice.create\",\"edit\":\"notice.edit\",\"trash\":\"notice.destroy\",\"restore\":\"notice.restore\",\"delete\":\"notice.forceDelete\"}', '2025-05-29 23:43:11', '2025-05-29 23:43:11', NULL),
(41, 'driver_wallets', '{\"index\":\"driver_wallet.index\",\"credit\":\"driver_wallet.credit\",\"debit\":\"driver_wallet.debit\"}', '2025-05-29 23:43:11', '2025-05-29 23:43:11', NULL),
(42, 'services', '{\"index\":\"service.index\",\"edit\":\"service.edit\"}', '2025-05-29 23:43:11', '2025-05-29 23:43:11', NULL),
(43, 'onboardings', '{\"index\":\"onboarding.index\",\"edit\":\"onboarding.edit\"}', '2025-05-29 23:43:11', '2025-05-29 23:43:11', NULL),
(44, 'service_categories', '{\"index\":\"service_category.index\",\"edit\":\"service_category.edit\"}', '2025-05-29 23:43:11', '2025-05-29 23:43:11', NULL),
(45, 'taxido_settings', '{\"index\":\"taxido_setting.index\",\"edit\":\"taxido_setting.edit\"}', '2025-05-29 23:43:11', '2025-05-29 23:43:11', NULL),
(46, 'ride_request', '{\"index\":\"ride_request.index\",\"create\":\"ride_request.create\",\"edit\":\"ride_request.edit\",\"trash\":\"ride_request.destroy\",\"restore\":\"ride_request.restore\",\"delete\":\"ride_request.forceDelete\"}', '2025-05-29 23:43:11', '2025-05-29 23:43:11', NULL),
(47, 'rides', '{\"index\":\"ride.index\",\"create\":\"ride.create\",\"edit\":\"ride.edit\"}', '2025-05-29 23:43:11', '2025-05-29 23:43:11', NULL),
(48, 'plans', '{\"index\":\"plan.index\",\"create\":\"plan.create\",\"edit\":\"plan.edit\",\"trash\":\"plan.destroy\",\"restore\":\"plan.restore\",\"delete\":\"plan.forceDelete\"}', '2025-05-29 23:43:11', '2025-05-29 23:43:11', NULL),
(49, 'subscriptions', '{\"index\":\"subscription.index\",\"create\":\"subscription.create\",\"edit\":\"subscription.edit\",\"destroy\":\"subscription.destroy\",\"purchase\":\"subscription.purchase\",\"cancel\":\"subscription.cancel\"}', '2025-05-29 23:43:11', '2025-05-29 23:43:11', NULL),
(50, 'bids', '{\"index\":\"bid.index\",\"create\":\"bid.create\",\"edit\":\"bid.edit\"}', '2025-05-29 23:43:11', '2025-05-29 23:43:11', NULL),
(51, 'push_notifications', '{\"index\":\"push_notification.index\",\"create\":\"push_notification.create\",\"trash\":\"push_notification.destroy\",\"delete\":\"push_notification.forceDelete\"}', '2025-05-29 23:43:11', '2025-05-29 23:43:11', NULL),
(52, 'rider_wallets', '{\"index\":\"rider_wallet.index\",\"credit\":\"rider_wallet.credit\",\"debit\":\"rider_wallet.debit\"}', '2025-05-29 23:43:11', '2025-05-29 23:43:11', NULL),
(53, 'withdraw_requests', '{\"index\":\"withdraw_request.index\",\"create\":\"withdraw_request.create\",\"edit\":\"withdraw_request.edit\"}', '2025-05-29 23:43:12', '2025-05-29 23:43:12', NULL),
(54, 'fleet_withdraw_requests', '{\"index\":\"fleet_withdraw_request.index\",\"create\":\"fleet_withdraw_request.create\",\"edit\":\"fleet_withdraw_request.edit\"}', '2025-05-29 23:43:12', '2025-05-29 23:43:12', NULL),
(55, 'reports', '{\"index\":\"report.index\",\"create\":\"report.create\"}', '2025-05-29 23:43:12', '2025-05-29 23:43:12', NULL),
(56, 'driver_locations', '{\"index\":\"driver_location.index\",\"create\":\"driver_location.create\"}', '2025-05-29 23:43:12', '2025-05-29 23:43:12', NULL),
(57, 'cancellation_reasons', '{\"index\":\"cancellation_reason.index\",\"create\":\"cancellation_reason.create\",\"edit\":\"cancellation_reason.edit\",\"trash\":\"cancellation_reason.destroy\",\"restore\":\"cancellation_reason.restore\",\"delete\":\"cancellation_reason.forceDelete\"}', '2025-05-29 23:43:12', '2025-05-29 23:43:12', NULL),
(58, 'driver_reviews', '{\"index\":\"driver_review.index\",\"create\":\"driver_review.create\",\"trash\":\"driver_review.destroy\",\"restore\":\"driver_review.restore\",\"delete\":\"driver_review.forceDelete\"}', '2025-05-29 23:43:12', '2025-05-29 23:43:12', NULL),
(59, 'rider_reviews', '{\"index\":\"rider_review.index\",\"create\":\"rider_review.create\",\"trash\":\"rider_review.destroy\",\"restore\":\"rider_review.restore\",\"delete\":\"rider_review.forceDelete\"}', '2025-05-29 23:43:12', '2025-05-29 23:43:12', NULL),
(60, 'hourly_packages', '{\"index\":\"hourly_package.index\",\"create\":\"hourly_package.create\",\"edit\":\"hourly_package.edit\",\"trash\":\"hourly_package.destroy\",\"restore\":\"hourly_package.restore\",\"delete\":\"hourly_package.forceDelete\"}', '2025-05-29 23:43:12', '2025-05-29 23:43:12', NULL),
(61, 'sos_alerts', '{\"index\":\"sos_alert.index\",\"create\":\"sos_alert.create\",\"edit\":\"sos_alert.edit\",\"trash\":\"sos_alert.destroy\",\"restore\":\"sos_alert.restore\",\"delete\":\"sos_alert.forceDelete\"}', '2025-05-29 23:43:12', '2025-05-29 23:43:12', NULL),
(62, 'rental_vehicles', '{\"index\":\"rental_vehicle.index\",\"create\":\"rental_vehicle.create\",\"edit\":\"rental_vehicle.edit\",\"trash\":\"rental_vehicle.destroy\",\"restore\":\"rental_vehicle.restore\",\"delete\":\"rental_vehicle.forceDelete\"}', '2025-05-29 23:43:12', '2025-05-29 23:43:12', NULL),
(63, 'fleet_managers', '{\"index\":\"fleet_manager.index\",\"create\":\"fleet_manager.create\",\"edit\":\"fleet_manager.edit\",\"trash\":\"fleet_manager.destroy\",\"restore\":\"fleet_manager.restore\",\"delete\":\"fleet_manager.forceDelete\"}', '2025-05-29 23:43:12', '2025-05-29 23:43:12', NULL),
(64, 'fleet_wallets', '{\"index\":\"fleet_wallet.index\",\"credit\":\"fleet_wallet.credit\",\"debit\":\"fleet_wallet.debit\"}', '2025-05-29 23:43:12', '2025-05-29 23:43:12', NULL),
(65, 'chats', '{\"index\":\"chat.index\",\"send\":\"chat.send\",\"reply\":\"chat.replay\",\"delete\":\"chat.delete\"}', '2025-05-29 23:43:13', '2025-05-29 23:43:13', NULL),
(66, 'ambulances', '{\"index\":\"ambulance.index\"}', '2025-05-29 23:43:13', '2025-05-29 23:43:13', NULL),
(67, 'tickets', '{\"index\":\"ticket.ticket.index\",\"create\":\"ticket.ticket.create\",\"reply\":\"ticket.ticket.reply\",\"trash\":\"ticket.ticket.destroy\",\"restore\":\"ticket.ticket.restore\",\"delete\":\"ticket.ticket.forceDelete\"}', '2025-05-29 23:43:25', '2025-05-29 23:43:25', NULL),
(68, 'priorities', '{\"index\":\"ticket.priority.index\",\"create\":\"ticket.priority.create\",\"edit\":\"ticket.priority.edit\",\"trash\":\"ticket.priority.destroy\",\"restore\":\"ticket.priority.restore\",\"delete\":\"ticket.priority.forceDelete\"}', '2025-05-29 23:43:26', '2025-05-29 23:43:26', NULL),
(69, 'executives', '{\"index\":\"ticket.executive.index\",\"create\":\"ticket.executive.create\",\"edit\":\"ticket.executive.edit\",\"trash\":\"ticket.executive.destroy\",\"restore\":\"ticket.executive.restore\",\"delete\":\"ticket.executive.forceDelete\"}', '2025-05-29 23:43:26', '2025-05-29 23:43:26', NULL),
(70, 'departments', '{\"index\":\"ticket.department.index\",\"create\":\"ticket.department.create\",\"edit\":\"ticket.department.edit\",\"show\":\"ticket.department.show\",\"trash\":\"ticket.department.destroy\",\"restore\":\"ticket.department.restore\",\"delete\":\"ticket.department.forceDelete\"}', '2025-05-29 23:43:26', '2025-05-29 23:43:26', NULL),
(71, 'formfields', '{\"index\":\"ticket.formfield.index\",\"create\":\"ticket.formfield.create\",\"edit\":\"ticket.formfield.edit\",\"trash\":\"ticket.formfield.destroy\",\"restore\":\"ticket.formfield.restore\",\"delete\":\"ticket.formfield.forceDelete\"}', '2025-05-29 23:43:26', '2025-05-29 23:43:26', NULL),
(72, 'statuses', '{\"index\":\"ticket.status.index\",\"create\":\"ticket.status.create\",\"edit\":\"ticket.status.edit\",\"trash\":\"ticket.status.destroy\",\"restore\":\"ticket.status.restore\",\"delete\":\"ticket.status.forceDelete\"}', '2025-05-29 23:43:26', '2025-05-29 23:43:26', NULL),
(73, 'knowledge', '{\"index\":\"ticket.knowledge.index\",\"create\":\"ticket.knowledge.create\",\"edit\":\"ticket.knowledge.edit\",\"trash\":\"ticket.knowledge.destroy\",\"restore\":\"ticket.knowledge.restore\",\"delete\":\"ticket.knowledge.forceDelete\"}', '2025-05-29 23:43:26', '2025-05-29 23:43:26', NULL),
(74, 'knowledge_categories', '{\"index\":\"ticket.category.index\",\"create\":\"ticket.category.create\",\"edit\":\"ticket.category.edit\",\"delete\":\"ticket.category.destroy\"}', '2025-05-29 23:43:26', '2025-05-29 23:43:26', NULL),
(75, 'knowledge_tags', '{\"index\":\"ticket.tag.index\",\"create\":\"ticket.tag.create\",\"edit\":\"ticket.tag.edit\",\"trash\":\"ticket.tag.destroy\",\"restore\":\"ticket.tag.restore\",\"delete\":\"ticket.tag.forceDelete\"}', '2025-05-29 23:43:26', '2025-05-29 23:43:26', NULL);

INSERT INTO `permissions` (`id`, `name`, `guard_name`, `created_at`, `updated_at`) VALUES
(1, 'media.index', 'web', '2025-05-29 23:42:44', '2025-05-29 23:42:44'),
(2, 'media.create', 'web', '2025-05-29 23:42:44', '2025-05-29 23:42:44'),
(3, 'media.edit', 'web', '2025-05-29 23:42:44', '2025-05-29 23:42:44'),
(4, 'media.destroy', 'web', '2025-05-29 23:42:44', '2025-05-29 23:42:44'),
(5, 'media.restore', 'web', '2025-05-29 23:42:44', '2025-05-29 23:42:44'),
(6, 'media.forceDelete', 'web', '2025-05-29 23:42:44', '2025-05-29 23:42:44'),
(7, 'user.index', 'web', '2025-05-29 23:42:44', '2025-05-29 23:42:44'),
(8, 'user.create', 'web', '2025-05-29 23:42:44', '2025-05-29 23:42:44'),
(9, 'user.edit', 'web', '2025-05-29 23:42:44', '2025-05-29 23:42:44'),
(10, 'user.destroy', 'web', '2025-05-29 23:42:44', '2025-05-29 23:42:44'),
(11, 'user.restore', 'web', '2025-05-29 23:42:44', '2025-05-29 23:42:44'),
(12, 'user.forceDelete', 'web', '2025-05-29 23:42:44', '2025-05-29 23:42:44'),
(13, 'role.index', 'web', '2025-05-29 23:42:44', '2025-05-29 23:42:44'),
(14, 'role.create', 'web', '2025-05-29 23:42:44', '2025-05-29 23:42:44'),
(15, 'role.edit', 'web', '2025-05-29 23:42:45', '2025-05-29 23:42:45'),
(16, 'role.destroy', 'web', '2025-05-29 23:42:45', '2025-05-29 23:42:45'),
(17, 'attachment.index', 'web', '2025-05-29 23:42:45', '2025-05-29 23:42:45'),
(18, 'attachment.create', 'web', '2025-05-29 23:42:45', '2025-05-29 23:42:45'),
(19, 'attachment.destroy', 'web', '2025-05-29 23:42:45', '2025-05-29 23:42:45'),
(20, 'attachment.edit', 'web', '2025-05-29 23:42:45', '2025-05-29 23:42:45'),
(21, 'category.index', 'web', '2025-05-29 23:42:45', '2025-05-29 23:42:45'),
(22, 'category.create', 'web', '2025-05-29 23:42:45', '2025-05-29 23:42:45'),
(23, 'category.edit', 'web', '2025-05-29 23:42:45', '2025-05-29 23:42:45'),
(24, 'category.destroy', 'web', '2025-05-29 23:42:45', '2025-05-29 23:42:45'),
(25, 'tag.index', 'web', '2025-05-29 23:42:45', '2025-05-29 23:42:45'),
(26, 'tag.create', 'web', '2025-05-29 23:42:45', '2025-05-29 23:42:45'),
(27, 'tag.edit', 'web', '2025-05-29 23:42:45', '2025-05-29 23:42:45'),
(28, 'tag.destroy', 'web', '2025-05-29 23:42:45', '2025-05-29 23:42:45'),
(29, 'tag.restore', 'web', '2025-05-29 23:42:45', '2025-05-29 23:42:45'),
(30, 'tag.forceDelete', 'web', '2025-05-29 23:42:45', '2025-05-29 23:42:45'),
(31, 'blog.index', 'web', '2025-05-29 23:42:45', '2025-05-29 23:42:45'),
(32, 'blog.create', 'web', '2025-05-29 23:42:45', '2025-05-29 23:42:45'),
(33, 'blog.edit', 'web', '2025-05-29 23:42:45', '2025-05-29 23:42:45'),
(34, 'blog.destroy', 'web', '2025-05-29 23:42:45', '2025-05-29 23:42:45'),
(35, 'blog.restore', 'web', '2025-05-29 23:42:45', '2025-05-29 23:42:45'),
(36, 'blog.forceDelete', 'web', '2025-05-29 23:42:45', '2025-05-29 23:42:45'),
(37, 'page.index', 'web', '2025-05-29 23:42:45', '2025-05-29 23:42:45'),
(38, 'page.create', 'web', '2025-05-29 23:42:45', '2025-05-29 23:42:45'),
(39, 'page.edit', 'web', '2025-05-29 23:42:45', '2025-05-29 23:42:45'),
(40, 'page.destroy', 'web', '2025-05-29 23:42:45', '2025-05-29 23:42:45'),
(41, 'page.restore', 'web', '2025-05-29 23:42:45', '2025-05-29 23:42:45'),
(42, 'page.forceDelete', 'web', '2025-05-29 23:42:45', '2025-05-29 23:42:45'),
(43, 'testimonial.index', 'web', '2025-05-29 23:42:45', '2025-05-29 23:42:45'),
(44, 'testimonial.create', 'web', '2025-05-29 23:42:45', '2025-05-29 23:42:45'),
(45, 'testimonial.edit', 'web', '2025-05-29 23:42:45', '2025-05-29 23:42:45'),
(46, 'testimonial.destroy', 'web', '2025-05-29 23:42:45', '2025-05-29 23:42:45'),
(47, 'testimonial.restore', 'web', '2025-05-29 23:42:45', '2025-05-29 23:42:45'),
(48, 'testimonial.forceDelete', 'web', '2025-05-29 23:42:45', '2025-05-29 23:42:45'),
(49, 'tax.index', 'web', '2025-05-29 23:42:45', '2025-05-29 23:42:45'),
(50, 'tax.create', 'web', '2025-05-29 23:42:46', '2025-05-29 23:42:46'),
(51, 'tax.edit', 'web', '2025-05-29 23:42:46', '2025-05-29 23:42:46'),
(52, 'tax.destroy', 'web', '2025-05-29 23:42:46', '2025-05-29 23:42:46'),
(53, 'tax.restore', 'web', '2025-05-29 23:42:46', '2025-05-29 23:42:46'),
(54, 'tax.forceDelete', 'web', '2025-05-29 23:42:46', '2025-05-29 23:42:46'),
(55, 'currency.index', 'web', '2025-05-29 23:42:46', '2025-05-29 23:42:46'),
(56, 'currency.create', 'web', '2025-05-29 23:42:46', '2025-05-29 23:42:46'),
(57, 'currency.edit', 'web', '2025-05-29 23:42:46', '2025-05-29 23:42:46'),
(58, 'currency.destroy', 'web', '2025-05-29 23:42:46', '2025-05-29 23:42:46'),
(59, 'currency.restore', 'web', '2025-05-29 23:42:46', '2025-05-29 23:42:46'),
(60, 'currency.forceDelete', 'web', '2025-05-29 23:42:46', '2025-05-29 23:42:46'),
(61, 'language.index', 'web', '2025-05-29 23:42:46', '2025-05-29 23:42:46'),
(62, 'language.create', 'web', '2025-05-29 23:42:46', '2025-05-29 23:42:46'),
(63, 'language.edit', 'web', '2025-05-29 23:42:46', '2025-05-29 23:42:46'),
(64, 'language.destroy', 'web', '2025-05-29 23:42:46', '2025-05-29 23:42:46'),
(65, 'language.restore', 'web', '2025-05-29 23:42:46', '2025-05-29 23:42:46'),
(66, 'language.forceDelete', 'web', '2025-05-29 23:42:46', '2025-05-29 23:42:46'),
(67, 'setting.index', 'web', '2025-05-29 23:42:46', '2025-05-29 23:42:46'),
(68, 'setting.edit', 'web', '2025-05-29 23:42:46', '2025-05-29 23:42:46'),
(69, 'system-tool.index', 'web', '2025-05-29 23:42:46', '2025-05-29 23:42:46'),
(70, 'system-tool.create', 'web', '2025-05-29 23:42:46', '2025-05-29 23:42:46'),
(71, 'system-tool.edit', 'web', '2025-05-29 23:42:46', '2025-05-29 23:42:46'),
(72, 'system-tool.destroy', 'web', '2025-05-29 23:42:46', '2025-05-29 23:42:46'),
(73, 'system-tool.restore', 'web', '2025-05-29 23:42:46', '2025-05-29 23:42:46'),
(74, 'system-tool.forceDelete', 'web', '2025-05-29 23:42:46', '2025-05-29 23:42:46'),
(75, 'plugin.index', 'web', '2025-05-29 23:42:46', '2025-05-29 23:42:46'),
(76, 'plugin.create', 'web', '2025-05-29 23:42:46', '2025-05-29 23:42:46'),
(77, 'plugin.edit', 'web', '2025-05-29 23:42:46', '2025-05-29 23:42:46'),
(78, 'plugin.destroy', 'web', '2025-05-29 23:42:46', '2025-05-29 23:42:46'),
(79, 'plugin.restore', 'web', '2025-05-29 23:42:46', '2025-05-29 23:42:46'),
(80, 'plugin.forceDelete', 'web', '2025-05-29 23:42:47', '2025-05-29 23:42:47'),
(81, 'about-system.index', 'web', '2025-05-29 23:42:47', '2025-05-29 23:42:47'),
(82, 'payment-method.index', 'web', '2025-05-29 23:42:47', '2025-05-29 23:42:47'),
(83, 'payment-method.edit', 'web', '2025-05-29 23:42:47', '2025-05-29 23:42:47'),
(84, 'sms-gateway.index', 'web', '2025-05-29 23:42:47', '2025-05-29 23:42:47'),
(85, 'sms-gateway.edit', 'web', '2025-05-29 23:42:47', '2025-05-29 23:42:47'),
(86, 'sms_template.index', 'web', '2025-05-29 23:42:47', '2025-05-29 23:42:47'),
(87, 'sms_template.create', 'web', '2025-05-29 23:42:47', '2025-05-29 23:42:47'),
(88, 'sms_template.edit', 'web', '2025-05-29 23:42:47', '2025-05-29 23:42:47'),
(89, 'sms_template.destroy', 'web', '2025-05-29 23:42:47', '2025-05-29 23:42:47'),
(90, 'sms_template.forceDelete', 'web', '2025-05-29 23:42:47', '2025-05-29 23:42:47'),
(91, 'email_template.index', 'web', '2025-05-29 23:42:47', '2025-05-29 23:42:47'),
(92, 'email_template.create', 'web', '2025-05-29 23:42:47', '2025-05-29 23:42:47'),
(93, 'email_template.destroy', 'web', '2025-05-29 23:42:47', '2025-05-29 23:42:47'),
(94, 'email_template.edit', 'web', '2025-05-29 23:42:47', '2025-05-29 23:42:47'),
(95, 'email_template.forceDelete', 'web', '2025-05-29 23:42:47', '2025-05-29 23:42:47'),
(96, 'push_notification_template.index', 'web', '2025-05-29 23:42:47', '2025-05-29 23:42:47'),
(97, 'push_notification_template.create', 'web', '2025-05-29 23:42:47', '2025-05-29 23:42:47'),
(98, 'push_notification_template.destroy', 'web', '2025-05-29 23:42:47', '2025-05-29 23:42:47'),
(99, 'push_notification_template.edit', 'web', '2025-05-29 23:42:47', '2025-05-29 23:42:47'),
(100, 'push_notification_template.forceDelete', 'web', '2025-05-29 23:42:47', '2025-05-29 23:42:47'),
(101, 'landing_page.index', 'web', '2025-05-29 23:42:47', '2025-05-29 23:42:47'),
(102, 'landing_page.edit', 'web', '2025-05-29 23:42:47', '2025-05-29 23:42:47'),
(103, 'appearance.index', 'web', '2025-05-29 23:42:47', '2025-05-29 23:42:47'),
(104, 'appearance.edit', 'web', '2025-05-29 23:42:47', '2025-05-29 23:42:47'),
(105, 'appearance.create', 'web', '2025-05-29 23:42:47', '2025-05-29 23:42:47'),
(106, 'backup.index', 'web', '2025-05-29 23:42:47', '2025-05-29 23:42:47'),
(107, 'backup.create', 'web', '2025-05-29 23:42:47', '2025-05-29 23:42:47'),
(108, 'backup.edit', 'web', '2025-05-29 23:42:48', '2025-05-29 23:42:48'),
(109, 'backup.destroy', 'web', '2025-05-29 23:42:48', '2025-05-29 23:42:48'),
(110, 'backup.restore', 'web', '2025-05-29 23:42:48', '2025-05-29 23:42:48'),
(111, 'backup.forceDelete', 'web', '2025-05-29 23:42:48', '2025-05-29 23:42:48'),
(112, 'rider.index', 'web', '2025-05-29 23:43:09', '2025-05-29 23:43:09'),
(113, 'rider.create', 'web', '2025-05-29 23:43:09', '2025-05-29 23:43:09'),
(114, 'rider.edit', 'web', '2025-05-29 23:43:09', '2025-05-29 23:43:09'),
(115, 'rider.destroy', 'web', '2025-05-29 23:43:09', '2025-05-29 23:43:09'),
(116, 'rider.restore', 'web', '2025-05-29 23:43:09', '2025-05-29 23:43:09'),
(117, 'rider.forceDelete', 'web', '2025-05-29 23:43:09', '2025-05-29 23:43:09'),
(118, 'driver.index', 'web', '2025-05-29 23:43:09', '2025-05-29 23:43:09'),
(119, 'driver.create', 'web', '2025-05-29 23:43:09', '2025-05-29 23:43:09'),
(120, 'driver.edit', 'web', '2025-05-29 23:43:09', '2025-05-29 23:43:09'),
(121, 'driver.destroy', 'web', '2025-05-29 23:43:09', '2025-05-29 23:43:09'),
(122, 'driver.restore', 'web', '2025-05-29 23:43:09', '2025-05-29 23:43:09'),
(123, 'driver.forceDelete', 'web', '2025-05-29 23:43:09', '2025-05-29 23:43:09'),
(124, 'dispatcher.index', 'web', '2025-05-29 23:43:09', '2025-05-29 23:43:09'),
(125, 'dispatcher.create', 'web', '2025-05-29 23:43:09', '2025-05-29 23:43:09'),
(126, 'dispatcher.edit', 'web', '2025-05-29 23:43:09', '2025-05-29 23:43:09'),
(127, 'dispatcher.destroy', 'web', '2025-05-29 23:43:09', '2025-05-29 23:43:09'),
(128, 'dispatcher.restore', 'web', '2025-05-29 23:43:09', '2025-05-29 23:43:09'),
(129, 'dispatcher.forceDelete', 'web', '2025-05-29 23:43:09', '2025-05-29 23:43:09'),
(130, 'unverified_driver.index', 'web', '2025-05-29 23:43:09', '2025-05-29 23:43:09'),
(131, 'unverified_driver.create', 'web', '2025-05-29 23:43:09', '2025-05-29 23:43:09'),
(132, 'unverified_driver.edit', 'web', '2025-05-29 23:43:10', '2025-05-29 23:43:10'),
(133, 'unverified_driver.destroy', 'web', '2025-05-29 23:43:10', '2025-05-29 23:43:10'),
(134, 'unverified_driver.restore', 'web', '2025-05-29 23:43:10', '2025-05-29 23:43:10'),
(135, 'unverified_driver.forceDelete', 'web', '2025-05-29 23:43:10', '2025-05-29 23:43:10'),
(136, 'banner.index', 'web', '2025-05-29 23:43:10', '2025-05-29 23:43:10'),
(137, 'banner.create', 'web', '2025-05-29 23:43:10', '2025-05-29 23:43:10'),
(138, 'banner.edit', 'web', '2025-05-29 23:43:10', '2025-05-29 23:43:10'),
(139, 'banner.destroy', 'web', '2025-05-29 23:43:10', '2025-05-29 23:43:10'),
(140, 'banner.restore', 'web', '2025-05-29 23:43:10', '2025-05-29 23:43:10'),
(141, 'banner.forceDelete', 'web', '2025-05-29 23:43:10', '2025-05-29 23:43:10'),
(142, 'document.index', 'web', '2025-05-29 23:43:10', '2025-05-29 23:43:10'),
(143, 'document.create', 'web', '2025-05-29 23:43:10', '2025-05-29 23:43:10'),
(144, 'document.edit', 'web', '2025-05-29 23:43:10', '2025-05-29 23:43:10'),
(145, 'document.destroy', 'web', '2025-05-29 23:43:10', '2025-05-29 23:43:10'),
(146, 'document.restore', 'web', '2025-05-29 23:43:10', '2025-05-29 23:43:10'),
(147, 'document.forceDelete', 'web', '2025-05-29 23:43:10', '2025-05-29 23:43:10'),
(148, 'vehicle_type.index', 'web', '2025-05-29 23:43:10', '2025-05-29 23:43:10'),
(149, 'vehicle_type.create', 'web', '2025-05-29 23:43:10', '2025-05-29 23:43:10'),
(150, 'vehicle_type.edit', 'web', '2025-05-29 23:43:10', '2025-05-29 23:43:10'),
(151, 'vehicle_type.destroy', 'web', '2025-05-29 23:43:10', '2025-05-29 23:43:10'),
(152, 'vehicle_type.restore', 'web', '2025-05-29 23:43:10', '2025-05-29 23:43:10'),
(153, 'vehicle_type.forceDelete', 'web', '2025-05-29 23:43:10', '2025-05-29 23:43:10'),
(154, 'coupon.index', 'web', '2025-05-29 23:43:10', '2025-05-29 23:43:10'),
(155, 'coupon.create', 'web', '2025-05-29 23:43:10', '2025-05-29 23:43:10'),
(156, 'coupon.edit', 'web', '2025-05-29 23:43:10', '2025-05-29 23:43:10'),
(157, 'coupon.destroy', 'web', '2025-05-29 23:43:10', '2025-05-29 23:43:10'),
(158, 'coupon.restore', 'web', '2025-05-29 23:43:10', '2025-05-29 23:43:10'),
(159, 'coupon.forceDelete', 'web', '2025-05-29 23:43:10', '2025-05-29 23:43:10'),
(160, 'zone.index', 'web', '2025-05-29 23:43:10', '2025-05-29 23:43:10'),
(161, 'zone.create', 'web', '2025-05-29 23:43:10', '2025-05-29 23:43:10'),
(162, 'zone.edit', 'web', '2025-05-29 23:43:10', '2025-05-29 23:43:10'),
(163, 'zone.destroy', 'web', '2025-05-29 23:43:10', '2025-05-29 23:43:10'),
(164, 'zone.restore', 'web', '2025-05-29 23:43:10', '2025-05-29 23:43:10'),
(165, 'zone.forceDelete', 'web', '2025-05-29 23:43:10', '2025-05-29 23:43:10'),
(166, 'faq.index', 'web', '2025-05-29 23:43:10', '2025-05-29 23:43:10'),
(167, 'faq.create', 'web', '2025-05-29 23:43:10', '2025-05-29 23:43:10'),
(168, 'faq.edit', 'web', '2025-05-29 23:43:10', '2025-05-29 23:43:10'),
(169, 'faq.destroy', 'web', '2025-05-29 23:43:10', '2025-05-29 23:43:10'),
(170, 'faq.restore', 'web', '2025-05-29 23:43:10', '2025-05-29 23:43:10'),
(171, 'faq.forceDelete', 'web', '2025-05-29 23:43:10', '2025-05-29 23:43:10'),
(172, 'heat_map.index', 'web', '2025-05-29 23:43:10', '2025-05-29 23:43:10'),
(173, 'heat_map.create', 'web', '2025-05-29 23:43:10', '2025-05-29 23:43:10'),
(174, 'heat_map.edit', 'web', '2025-05-29 23:43:10', '2025-05-29 23:43:10'),
(175, 'heat_map.destroy', 'web', '2025-05-29 23:43:10', '2025-05-29 23:43:10'),
(176, 'heat_map.restore', 'web', '2025-05-29 23:43:10', '2025-05-29 23:43:10'),
(177, 'heat_map.forceDelete', 'web', '2025-05-29 23:43:10', '2025-05-29 23:43:10'),
(178, 'sos.index', 'web', '2025-05-29 23:43:10', '2025-05-29 23:43:10'),
(179, 'sos.create', 'web', '2025-05-29 23:43:10', '2025-05-29 23:43:10'),
(180, 'sos.edit', 'web', '2025-05-29 23:43:10', '2025-05-29 23:43:10'),
(181, 'sos.destroy', 'web', '2025-05-29 23:43:10', '2025-05-29 23:43:10'),
(182, 'sos.restore', 'web', '2025-05-29 23:43:10', '2025-05-29 23:43:10'),
(183, 'sos.forceDelete', 'web', '2025-05-29 23:43:10', '2025-05-29 23:43:10'),
(184, 'driver_document.index', 'web', '2025-05-29 23:43:10', '2025-05-29 23:43:10'),
(185, 'driver_document.create', 'web', '2025-05-29 23:43:10', '2025-05-29 23:43:10'),
(186, 'driver_document.edit', 'web', '2025-05-29 23:43:10', '2025-05-29 23:43:10'),
(187, 'driver_document.destroy', 'web', '2025-05-29 23:43:10', '2025-05-29 23:43:10'),
(188, 'driver_document.restore', 'web', '2025-05-29 23:43:10', '2025-05-29 23:43:10'),
(189, 'driver_document.forceDelete', 'web', '2025-05-29 23:43:10', '2025-05-29 23:43:10'),
(190, 'driver_rule.index', 'web', '2025-05-29 23:43:11', '2025-05-29 23:43:11'),
(191, 'driver_rule.create', 'web', '2025-05-29 23:43:11', '2025-05-29 23:43:11'),
(192, 'driver_rule.edit', 'web', '2025-05-29 23:43:11', '2025-05-29 23:43:11'),
(193, 'driver_rule.destroy', 'web', '2025-05-29 23:43:11', '2025-05-29 23:43:11'),
(194, 'driver_rule.restore', 'web', '2025-05-29 23:43:11', '2025-05-29 23:43:11'),
(195, 'driver_rule.forceDelete', 'web', '2025-05-29 23:43:11', '2025-05-29 23:43:11'),
(196, 'cab_commission_history.index', 'web', '2025-05-29 23:43:11', '2025-05-29 23:43:11'),
(197, 'notice.index', 'web', '2025-05-29 23:43:11', '2025-05-29 23:43:11'),
(198, 'notice.create', 'web', '2025-05-29 23:43:11', '2025-05-29 23:43:11'),
(199, 'notice.edit', 'web', '2025-05-29 23:43:11', '2025-05-29 23:43:11'),
(200, 'notice.destroy', 'web', '2025-05-29 23:43:11', '2025-05-29 23:43:11'),
(201, 'notice.restore', 'web', '2025-05-29 23:43:11', '2025-05-29 23:43:11'),
(202, 'notice.forceDelete', 'web', '2025-05-29 23:43:11', '2025-05-29 23:43:11'),
(203, 'driver_wallet.index', 'web', '2025-05-29 23:43:11', '2025-05-29 23:43:11'),
(204, 'driver_wallet.credit', 'web', '2025-05-29 23:43:11', '2025-05-29 23:43:11'),
(205, 'driver_wallet.debit', 'web', '2025-05-29 23:43:11', '2025-05-29 23:43:11'),
(206, 'service.index', 'web', '2025-05-29 23:43:11', '2025-05-29 23:43:11'),
(207, 'service.edit', 'web', '2025-05-29 23:43:11', '2025-05-29 23:43:11'),
(208, 'onboarding.index', 'web', '2025-05-29 23:43:11', '2025-05-29 23:43:11'),
(209, 'onboarding.edit', 'web', '2025-05-29 23:43:11', '2025-05-29 23:43:11'),
(210, 'service_category.index', 'web', '2025-05-29 23:43:11', '2025-05-29 23:43:11'),
(211, 'service_category.edit', 'web', '2025-05-29 23:43:11', '2025-05-29 23:43:11'),
(212, 'taxido_setting.index', 'web', '2025-05-29 23:43:11', '2025-05-29 23:43:11'),
(213, 'taxido_setting.edit', 'web', '2025-05-29 23:43:11', '2025-05-29 23:43:11'),
(214, 'ride_request.index', 'web', '2025-05-29 23:43:11', '2025-05-29 23:43:11'),
(215, 'ride_request.create', 'web', '2025-05-29 23:43:11', '2025-05-29 23:43:11'),
(216, 'ride_request.edit', 'web', '2025-05-29 23:43:11', '2025-05-29 23:43:11'),
(217, 'ride_request.destroy', 'web', '2025-05-29 23:43:11', '2025-05-29 23:43:11'),
(218, 'ride_request.restore', 'web', '2025-05-29 23:43:11', '2025-05-29 23:43:11'),
(219, 'ride_request.forceDelete', 'web', '2025-05-29 23:43:11', '2025-05-29 23:43:11'),
(220, 'ride.index', 'web', '2025-05-29 23:43:11', '2025-05-29 23:43:11'),
(221, 'ride.create', 'web', '2025-05-29 23:43:11', '2025-05-29 23:43:11'),
(222, 'ride.edit', 'web', '2025-05-29 23:43:11', '2025-05-29 23:43:11'),
(223, 'plan.index', 'web', '2025-05-29 23:43:11', '2025-05-29 23:43:11'),
(224, 'plan.create', 'web', '2025-05-29 23:43:11', '2025-05-29 23:43:11'),
(225, 'plan.edit', 'web', '2025-05-29 23:43:11', '2025-05-29 23:43:11'),
(226, 'plan.destroy', 'web', '2025-05-29 23:43:11', '2025-05-29 23:43:11'),
(227, 'plan.restore', 'web', '2025-05-29 23:43:11', '2025-05-29 23:43:11'),
(228, 'plan.forceDelete', 'web', '2025-05-29 23:43:11', '2025-05-29 23:43:11'),
(229, 'subscription.index', 'web', '2025-05-29 23:43:11', '2025-05-29 23:43:11'),
(230, 'subscription.create', 'web', '2025-05-29 23:43:11', '2025-05-29 23:43:11'),
(231, 'subscription.edit', 'web', '2025-05-29 23:43:11', '2025-05-29 23:43:11'),
(232, 'subscription.destroy', 'web', '2025-05-29 23:43:11', '2025-05-29 23:43:11'),
(233, 'subscription.purchase', 'web', '2025-05-29 23:43:11', '2025-05-29 23:43:11'),
(234, 'subscription.cancel', 'web', '2025-05-29 23:43:11', '2025-05-29 23:43:11'),
(235, 'bid.index', 'web', '2025-05-29 23:43:11', '2025-05-29 23:43:11'),
(236, 'bid.create', 'web', '2025-05-29 23:43:11', '2025-05-29 23:43:11'),
(237, 'bid.edit', 'web', '2025-05-29 23:43:11', '2025-05-29 23:43:11'),
(238, 'push_notification.index', 'web', '2025-05-29 23:43:11', '2025-05-29 23:43:11'),
(239, 'push_notification.create', 'web', '2025-05-29 23:43:11', '2025-05-29 23:43:11'),
(240, 'push_notification.destroy', 'web', '2025-05-29 23:43:11', '2025-05-29 23:43:11'),
(241, 'push_notification.forceDelete', 'web', '2025-05-29 23:43:11', '2025-05-29 23:43:11'),
(242, 'rider_wallet.index', 'web', '2025-05-29 23:43:11', '2025-05-29 23:43:11'),
(243, 'rider_wallet.credit', 'web', '2025-05-29 23:43:11', '2025-05-29 23:43:11'),
(244, 'rider_wallet.debit', 'web', '2025-05-29 23:43:11', '2025-05-29 23:43:11'),
(245, 'withdraw_request.index', 'web', '2025-05-29 23:43:12', '2025-05-29 23:43:12'),
(246, 'withdraw_request.create', 'web', '2025-05-29 23:43:12', '2025-05-29 23:43:12'),
(247, 'withdraw_request.edit', 'web', '2025-05-29 23:43:12', '2025-05-29 23:43:12'),
(248, 'fleet_withdraw_request.index', 'web', '2025-05-29 23:43:12', '2025-05-29 23:43:12'),
(249, 'fleet_withdraw_request.create', 'web', '2025-05-29 23:43:12', '2025-05-29 23:43:12'),
(250, 'fleet_withdraw_request.edit', 'web', '2025-05-29 23:43:12', '2025-05-29 23:43:12'),
(251, 'report.index', 'web', '2025-05-29 23:43:12', '2025-05-29 23:43:12'),
(252, 'report.create', 'web', '2025-05-29 23:43:12', '2025-05-29 23:43:12'),
(253, 'driver_location.index', 'web', '2025-05-29 23:43:12', '2025-05-29 23:43:12'),
(254, 'driver_location.create', 'web', '2025-05-29 23:43:12', '2025-05-29 23:43:12'),
(255, 'cancellation_reason.index', 'web', '2025-05-29 23:43:12', '2025-05-29 23:43:12'),
(256, 'cancellation_reason.create', 'web', '2025-05-29 23:43:12', '2025-05-29 23:43:12'),
(257, 'cancellation_reason.edit', 'web', '2025-05-29 23:43:12', '2025-05-29 23:43:12'),
(258, 'cancellation_reason.destroy', 'web', '2025-05-29 23:43:12', '2025-05-29 23:43:12'),
(259, 'cancellation_reason.restore', 'web', '2025-05-29 23:43:12', '2025-05-29 23:43:12'),
(260, 'cancellation_reason.forceDelete', 'web', '2025-05-29 23:43:12', '2025-05-29 23:43:12'),
(261, 'driver_review.index', 'web', '2025-05-29 23:43:12', '2025-05-29 23:43:12'),
(262, 'driver_review.create', 'web', '2025-05-29 23:43:12', '2025-05-29 23:43:12'),
(263, 'driver_review.destroy', 'web', '2025-05-29 23:43:12', '2025-05-29 23:43:12'),
(264, 'driver_review.restore', 'web', '2025-05-29 23:43:12', '2025-05-29 23:43:12'),
(265, 'driver_review.forceDelete', 'web', '2025-05-29 23:43:12', '2025-05-29 23:43:12'),
(266, 'rider_review.index', 'web', '2025-05-29 23:43:12', '2025-05-29 23:43:12'),
(267, 'rider_review.create', 'web', '2025-05-29 23:43:12', '2025-05-29 23:43:12'),
(268, 'rider_review.destroy', 'web', '2025-05-29 23:43:12', '2025-05-29 23:43:12'),
(269, 'rider_review.restore', 'web', '2025-05-29 23:43:12', '2025-05-29 23:43:12'),
(270, 'rider_review.forceDelete', 'web', '2025-05-29 23:43:12', '2025-05-29 23:43:12'),
(271, 'hourly_package.index', 'web', '2025-05-29 23:43:12', '2025-05-29 23:43:12'),
(272, 'hourly_package.create', 'web', '2025-05-29 23:43:12', '2025-05-29 23:43:12'),
(273, 'hourly_package.edit', 'web', '2025-05-29 23:43:12', '2025-05-29 23:43:12'),
(274, 'hourly_package.destroy', 'web', '2025-05-29 23:43:12', '2025-05-29 23:43:12'),
(275, 'hourly_package.restore', 'web', '2025-05-29 23:43:12', '2025-05-29 23:43:12'),
(276, 'hourly_package.forceDelete', 'web', '2025-05-29 23:43:12', '2025-05-29 23:43:12'),
(277, 'sos_alert.index', 'web', '2025-05-29 23:43:12', '2025-05-29 23:43:12'),
(278, 'sos_alert.create', 'web', '2025-05-29 23:43:12', '2025-05-29 23:43:12'),
(279, 'sos_alert.edit', 'web', '2025-05-29 23:43:12', '2025-05-29 23:43:12'),
(280, 'sos_alert.destroy', 'web', '2025-05-29 23:43:12', '2025-05-29 23:43:12'),
(281, 'sos_alert.restore', 'web', '2025-05-29 23:43:12', '2025-05-29 23:43:12'),
(282, 'sos_alert.forceDelete', 'web', '2025-05-29 23:43:12', '2025-05-29 23:43:12'),
(283, 'rental_vehicle.index', 'web', '2025-05-29 23:43:12', '2025-05-29 23:43:12'),
(284, 'rental_vehicle.create', 'web', '2025-05-29 23:43:12', '2025-05-29 23:43:12'),
(285, 'rental_vehicle.edit', 'web', '2025-05-29 23:43:12', '2025-05-29 23:43:12'),
(286, 'rental_vehicle.destroy', 'web', '2025-05-29 23:43:12', '2025-05-29 23:43:12'),
(287, 'rental_vehicle.restore', 'web', '2025-05-29 23:43:12', '2025-05-29 23:43:12'),
(288, 'rental_vehicle.forceDelete', 'web', '2025-05-29 23:43:12', '2025-05-29 23:43:12'),
(289, 'fleet_manager.index', 'web', '2025-05-29 23:43:12', '2025-05-29 23:43:12'),
(290, 'fleet_manager.create', 'web', '2025-05-29 23:43:12', '2025-05-29 23:43:12'),
(291, 'fleet_manager.edit', 'web', '2025-05-29 23:43:12', '2025-05-29 23:43:12'),
(292, 'fleet_manager.destroy', 'web', '2025-05-29 23:43:12', '2025-05-29 23:43:12'),
(293, 'fleet_manager.restore', 'web', '2025-05-29 23:43:12', '2025-05-29 23:43:12'),
(294, 'fleet_manager.forceDelete', 'web', '2025-05-29 23:43:12', '2025-05-29 23:43:12'),
(295, 'fleet_wallet.index', 'web', '2025-05-29 23:43:12', '2025-05-29 23:43:12'),
(296, 'fleet_wallet.credit', 'web', '2025-05-29 23:43:13', '2025-05-29 23:43:13'),
(297, 'fleet_wallet.debit', 'web', '2025-05-29 23:43:13', '2025-05-29 23:43:13'),
(298, 'chat.index', 'web', '2025-05-29 23:43:13', '2025-05-29 23:43:13'),
(299, 'chat.send', 'web', '2025-05-29 23:43:13', '2025-05-29 23:43:13'),
(300, 'chat.replay', 'web', '2025-05-29 23:43:13', '2025-05-29 23:43:13'),
(301, 'chat.delete', 'web', '2025-05-29 23:43:13', '2025-05-29 23:43:13'),
(302, 'ambulance.index', 'web', '2025-05-29 23:43:13', '2025-05-29 23:43:13'),
(303, 'ticket.ticket.index', 'web', '2025-05-29 23:43:25', '2025-05-29 23:43:25'),
(304, 'ticket.ticket.create', 'web', '2025-05-29 23:43:25', '2025-05-29 23:43:25'),
(305, 'ticket.ticket.reply', 'web', '2025-05-29 23:43:25', '2025-05-29 23:43:25'),
(306, 'ticket.ticket.destroy', 'web', '2025-05-29 23:43:25', '2025-05-29 23:43:25'),
(307, 'ticket.ticket.restore', 'web', '2025-05-29 23:43:25', '2025-05-29 23:43:25'),
(308, 'ticket.ticket.forceDelete', 'web', '2025-05-29 23:43:26', '2025-05-29 23:43:26'),
(309, 'ticket.priority.index', 'web', '2025-05-29 23:43:26', '2025-05-29 23:43:26'),
(310, 'ticket.priority.create', 'web', '2025-05-29 23:43:26', '2025-05-29 23:43:26'),
(311, 'ticket.priority.edit', 'web', '2025-05-29 23:43:26', '2025-05-29 23:43:26'),
(312, 'ticket.priority.destroy', 'web', '2025-05-29 23:43:26', '2025-05-29 23:43:26'),
(313, 'ticket.priority.restore', 'web', '2025-05-29 23:43:26', '2025-05-29 23:43:26'),
(314, 'ticket.priority.forceDelete', 'web', '2025-05-29 23:43:26', '2025-05-29 23:43:26'),
(315, 'ticket.executive.index', 'web', '2025-05-29 23:43:26', '2025-05-29 23:43:26'),
(316, 'ticket.executive.create', 'web', '2025-05-29 23:43:26', '2025-05-29 23:43:26'),
(317, 'ticket.executive.edit', 'web', '2025-05-29 23:43:26', '2025-05-29 23:43:26'),
(318, 'ticket.executive.destroy', 'web', '2025-05-29 23:43:26', '2025-05-29 23:43:26'),
(319, 'ticket.executive.restore', 'web', '2025-05-29 23:43:26', '2025-05-29 23:43:26'),
(320, 'ticket.executive.forceDelete', 'web', '2025-05-29 23:43:26', '2025-05-29 23:43:26'),
(321, 'ticket.department.index', 'web', '2025-05-29 23:43:26', '2025-05-29 23:43:26'),
(322, 'ticket.department.create', 'web', '2025-05-29 23:43:26', '2025-05-29 23:43:26'),
(323, 'ticket.department.edit', 'web', '2025-05-29 23:43:26', '2025-05-29 23:43:26'),
(324, 'ticket.department.show', 'web', '2025-05-29 23:43:26', '2025-05-29 23:43:26'),
(325, 'ticket.department.destroy', 'web', '2025-05-29 23:43:26', '2025-05-29 23:43:26'),
(326, 'ticket.department.restore', 'web', '2025-05-29 23:43:26', '2025-05-29 23:43:26'),
(327, 'ticket.department.forceDelete', 'web', '2025-05-29 23:43:26', '2025-05-29 23:43:26'),
(328, 'ticket.formfield.index', 'web', '2025-05-29 23:43:26', '2025-05-29 23:43:26'),
(329, 'ticket.formfield.create', 'web', '2025-05-29 23:43:26', '2025-05-29 23:43:26'),
(330, 'ticket.formfield.edit', 'web', '2025-05-29 23:43:26', '2025-05-29 23:43:26'),
(331, 'ticket.formfield.destroy', 'web', '2025-05-29 23:43:26', '2025-05-29 23:43:26'),
(332, 'ticket.formfield.restore', 'web', '2025-05-29 23:43:26', '2025-05-29 23:43:26'),
(333, 'ticket.formfield.forceDelete', 'web', '2025-05-29 23:43:26', '2025-05-29 23:43:26'),
(334, 'ticket.status.index', 'web', '2025-05-29 23:43:26', '2025-05-29 23:43:26'),
(335, 'ticket.status.create', 'web', '2025-05-29 23:43:26', '2025-05-29 23:43:26'),
(336, 'ticket.status.edit', 'web', '2025-05-29 23:43:26', '2025-05-29 23:43:26'),
(337, 'ticket.status.destroy', 'web', '2025-05-29 23:43:26', '2025-05-29 23:43:26'),
(338, 'ticket.status.restore', 'web', '2025-05-29 23:43:26', '2025-05-29 23:43:26'),
(339, 'ticket.status.forceDelete', 'web', '2025-05-29 23:43:26', '2025-05-29 23:43:26'),
(340, 'ticket.knowledge.index', 'web', '2025-05-29 23:43:26', '2025-05-29 23:43:26'),
(341, 'ticket.knowledge.create', 'web', '2025-05-29 23:43:26', '2025-05-29 23:43:26'),
(342, 'ticket.knowledge.edit', 'web', '2025-05-29 23:43:26', '2025-05-29 23:43:26'),
(343, 'ticket.knowledge.destroy', 'web', '2025-05-29 23:43:26', '2025-05-29 23:43:26'),
(344, 'ticket.knowledge.restore', 'web', '2025-05-29 23:43:26', '2025-05-29 23:43:26'),
(345, 'ticket.knowledge.forceDelete', 'web', '2025-05-29 23:43:26', '2025-05-29 23:43:26'),
(346, 'ticket.category.index', 'web', '2025-05-29 23:43:26', '2025-05-29 23:43:26'),
(347, 'ticket.category.create', 'web', '2025-05-29 23:43:26', '2025-05-29 23:43:26'),
(348, 'ticket.category.edit', 'web', '2025-05-29 23:43:26', '2025-05-29 23:43:26'),
(349, 'ticket.category.destroy', 'web', '2025-05-29 23:43:26', '2025-05-29 23:43:26'),
(350, 'ticket.tag.index', 'web', '2025-05-29 23:43:26', '2025-05-29 23:43:26'),
(351, 'ticket.tag.create', 'web', '2025-05-29 23:43:26', '2025-05-29 23:43:26'),
(352, 'ticket.tag.edit', 'web', '2025-05-29 23:43:26', '2025-05-29 23:43:26'),
(353, 'ticket.tag.destroy', 'web', '2025-05-29 23:43:26', '2025-05-29 23:43:26'),
(354, 'ticket.tag.restore', 'web', '2025-05-29 23:43:26', '2025-05-29 23:43:26'),
(355, 'ticket.tag.forceDelete', 'web', '2025-05-29 23:43:26', '2025-05-29 23:43:26'),
(356, 'ticket.setting.index', 'web', '2025-05-29 23:43:26', '2025-05-29 23:43:26'),
(357, 'ticket.setting.create', 'web', '2025-05-29 23:43:26', '2025-05-29 23:43:26'),
(358, 'ticket.setting.edit', 'web', '2025-05-29 23:43:26', '2025-05-29 23:43:26'),
(359, 'ticket.setting.destroy', 'web', '2025-05-29 23:43:26', '2025-05-29 23:43:26'),
(360, 'ticket.setting.restore', 'web', '2025-05-29 23:43:26', '2025-05-29 23:43:26'),
(361, 'ticket.setting.forceDelete', 'web', '2025-05-29 23:43:26', '2025-05-29 23:43:26');

INSERT INTO `roles` (`id`, `name`, `guard_name`, `system_reserve`, `module`, `status`, `created_at`, `updated_at`) VALUES
(1, 'admin', 'web', 1, NULL, 1, '2025-05-29 23:42:48', '2025-05-29 23:42:48'),
(2, 'user', 'web', 1, NULL, 1, '2025-05-29 23:42:48', '2025-05-29 23:42:48'),
(3, 'rider', 'web', 1, 18, 1, '2025-05-29 23:43:13', '2025-05-29 23:43:13'),
(4, 'driver', 'web', 1, 18, 1, '2025-05-29 23:43:13', '2025-05-29 23:43:13'),
(5, 'executive', 'web', 1, 19, 1, '2025-05-29 23:43:13', '2025-05-29 23:43:13'),
(6, 'dispatcher', 'web', 1, 18, 1, '2025-05-29 23:43:13', '2025-05-29 23:43:13'),
(7, 'fleet_manager', 'web', 1, 18, 1, '2025-05-29 23:43:27', '2025-05-29 23:43:27');

INSERT INTO `model_has_permissions` (`permission_id`, `model_type`, `model_id`) VALUES
(1, 'App\\Models\\User', 1),
(2, 'App\\Models\\User', 1),
(3, 'App\\Models\\User', 1),
(4, 'App\\Models\\User', 1),
(5, 'App\\Models\\User', 1),
(6, 'App\\Models\\User', 1),
(7, 'App\\Models\\User', 1),
(8, 'App\\Models\\User', 1),
(9, 'App\\Models\\User', 1),
(10, 'App\\Models\\User', 1),
(11, 'App\\Models\\User', 1),
(12, 'App\\Models\\User', 1),
(13, 'App\\Models\\User', 1),
(14, 'App\\Models\\User', 1),
(15, 'App\\Models\\User', 1),
(16, 'App\\Models\\User', 1),
(17, 'App\\Models\\User', 1),
(18, 'App\\Models\\User', 1),
(19, 'App\\Models\\User', 1),
(20, 'App\\Models\\User', 1),
(21, 'App\\Models\\User', 1),
(22, 'App\\Models\\User', 1),
(23, 'App\\Models\\User', 1),
(24, 'App\\Models\\User', 1),
(25, 'App\\Models\\User', 1),
(26, 'App\\Models\\User', 1),
(27, 'App\\Models\\User', 1),
(28, 'App\\Models\\User', 1),
(29, 'App\\Models\\User', 1),
(30, 'App\\Models\\User', 1),
(31, 'App\\Models\\User', 1),
(32, 'App\\Models\\User', 1),
(33, 'App\\Models\\User', 1),
(34, 'App\\Models\\User', 1),
(35, 'App\\Models\\User', 1),
(36, 'App\\Models\\User', 1),
(37, 'App\\Models\\User', 1),
(38, 'App\\Models\\User', 1),
(39, 'App\\Models\\User', 1),
(40, 'App\\Models\\User', 1),
(41, 'App\\Models\\User', 1),
(42, 'App\\Models\\User', 1),
(43, 'App\\Models\\User', 1),
(44, 'App\\Models\\User', 1),
(45, 'App\\Models\\User', 1),
(46, 'App\\Models\\User', 1),
(47, 'App\\Models\\User', 1),
(48, 'App\\Models\\User', 1),
(49, 'App\\Models\\User', 1),
(50, 'App\\Models\\User', 1),
(51, 'App\\Models\\User', 1),
(52, 'App\\Models\\User', 1),
(53, 'App\\Models\\User', 1),
(54, 'App\\Models\\User', 1),
(55, 'App\\Models\\User', 1),
(56, 'App\\Models\\User', 1),
(57, 'App\\Models\\User', 1),
(58, 'App\\Models\\User', 1),
(59, 'App\\Models\\User', 1),
(60, 'App\\Models\\User', 1),
(61, 'App\\Models\\User', 1),
(62, 'App\\Models\\User', 1),
(63, 'App\\Models\\User', 1),
(64, 'App\\Models\\User', 1),
(65, 'App\\Models\\User', 1),
(66, 'App\\Models\\User', 1),
(67, 'App\\Models\\User', 1),
(68, 'App\\Models\\User', 1),
(69, 'App\\Models\\User', 1),
(70, 'App\\Models\\User', 1),
(71, 'App\\Models\\User', 1),
(72, 'App\\Models\\User', 1),
(73, 'App\\Models\\User', 1),
(74, 'App\\Models\\User', 1),
(75, 'App\\Models\\User', 1),
(76, 'App\\Models\\User', 1),
(77, 'App\\Models\\User', 1),
(78, 'App\\Models\\User', 1),
(79, 'App\\Models\\User', 1),
(80, 'App\\Models\\User', 1),
(81, 'App\\Models\\User', 1),
(82, 'App\\Models\\User', 1),
(83, 'App\\Models\\User', 1),
(84, 'App\\Models\\User', 1),
(85, 'App\\Models\\User', 1),
(86, 'App\\Models\\User', 1),
(87, 'App\\Models\\User', 1),
(88, 'App\\Models\\User', 1),
(89, 'App\\Models\\User', 1),
(90, 'App\\Models\\User', 1),
(91, 'App\\Models\\User', 1),
(92, 'App\\Models\\User', 1),
(93, 'App\\Models\\User', 1),
(94, 'App\\Models\\User', 1),
(95, 'App\\Models\\User', 1),
(96, 'App\\Models\\User', 1),
(97, 'App\\Models\\User', 1),
(98, 'App\\Models\\User', 1),
(99, 'App\\Models\\User', 1),
(100, 'App\\Models\\User', 1),
(101, 'App\\Models\\User', 1),
(102, 'App\\Models\\User', 1),
(103, 'App\\Models\\User', 1),
(104, 'App\\Models\\User', 1),
(105, 'App\\Models\\User', 1),
(106, 'App\\Models\\User', 1),
(107, 'App\\Models\\User', 1),
(108, 'App\\Models\\User', 1),
(109, 'App\\Models\\User', 1),
(110, 'App\\Models\\User', 1),
(111, 'App\\Models\\User', 1),
(112, 'App\\Models\\User', 1),
(113, 'App\\Models\\User', 1),
(114, 'App\\Models\\User', 1),
(115, 'App\\Models\\User', 1),
(116, 'App\\Models\\User', 1),
(117, 'App\\Models\\User', 1),
(118, 'App\\Models\\User', 1),
(119, 'App\\Models\\User', 1),
(120, 'App\\Models\\User', 1),
(121, 'App\\Models\\User', 1),
(122, 'App\\Models\\User', 1),
(123, 'App\\Models\\User', 1),
(124, 'App\\Models\\User', 1),
(125, 'App\\Models\\User', 1),
(126, 'App\\Models\\User', 1),
(127, 'App\\Models\\User', 1),
(128, 'App\\Models\\User', 1),
(129, 'App\\Models\\User', 1),
(130, 'App\\Models\\User', 1),
(131, 'App\\Models\\User', 1),
(132, 'App\\Models\\User', 1),
(133, 'App\\Models\\User', 1),
(134, 'App\\Models\\User', 1),
(135, 'App\\Models\\User', 1),
(136, 'App\\Models\\User', 1),
(137, 'App\\Models\\User', 1),
(138, 'App\\Models\\User', 1),
(139, 'App\\Models\\User', 1),
(140, 'App\\Models\\User', 1),
(141, 'App\\Models\\User', 1),
(142, 'App\\Models\\User', 1),
(143, 'App\\Models\\User', 1),
(144, 'App\\Models\\User', 1),
(145, 'App\\Models\\User', 1),
(146, 'App\\Models\\User', 1),
(147, 'App\\Models\\User', 1),
(148, 'App\\Models\\User', 1),
(149, 'App\\Models\\User', 1),
(150, 'App\\Models\\User', 1),
(151, 'App\\Models\\User', 1),
(152, 'App\\Models\\User', 1),
(153, 'App\\Models\\User', 1),
(154, 'App\\Models\\User', 1),
(155, 'App\\Models\\User', 1),
(156, 'App\\Models\\User', 1),
(157, 'App\\Models\\User', 1),
(158, 'App\\Models\\User', 1),
(159, 'App\\Models\\User', 1),
(160, 'App\\Models\\User', 1),
(161, 'App\\Models\\User', 1),
(162, 'App\\Models\\User', 1),
(163, 'App\\Models\\User', 1),
(164, 'App\\Models\\User', 1),
(165, 'App\\Models\\User', 1),
(166, 'App\\Models\\User', 1),
(167, 'App\\Models\\User', 1),
(168, 'App\\Models\\User', 1),
(169, 'App\\Models\\User', 1),
(170, 'App\\Models\\User', 1),
(171, 'App\\Models\\User', 1),
(172, 'App\\Models\\User', 1),
(173, 'App\\Models\\User', 1),
(174, 'App\\Models\\User', 1),
(175, 'App\\Models\\User', 1),
(176, 'App\\Models\\User', 1),
(177, 'App\\Models\\User', 1),
(178, 'App\\Models\\User', 1),
(179, 'App\\Models\\User', 1),
(180, 'App\\Models\\User', 1),
(181, 'App\\Models\\User', 1),
(182, 'App\\Models\\User', 1),
(183, 'App\\Models\\User', 1),
(184, 'App\\Models\\User', 1),
(185, 'App\\Models\\User', 1),
(186, 'App\\Models\\User', 1),
(187, 'App\\Models\\User', 1),
(188, 'App\\Models\\User', 1),
(189, 'App\\Models\\User', 1),
(190, 'App\\Models\\User', 1),
(191, 'App\\Models\\User', 1),
(192, 'App\\Models\\User', 1),
(193, 'App\\Models\\User', 1),
(194, 'App\\Models\\User', 1),
(195, 'App\\Models\\User', 1),
(196, 'App\\Models\\User', 1),
(197, 'App\\Models\\User', 1),
(198, 'App\\Models\\User', 1),
(199, 'App\\Models\\User', 1),
(200, 'App\\Models\\User', 1),
(201, 'App\\Models\\User', 1),
(202, 'App\\Models\\User', 1),
(203, 'App\\Models\\User', 1),
(204, 'App\\Models\\User', 1),
(205, 'App\\Models\\User', 1),
(206, 'App\\Models\\User', 1),
(207, 'App\\Models\\User', 1),
(208, 'App\\Models\\User', 1),
(209, 'App\\Models\\User', 1),
(210, 'App\\Models\\User', 1),
(211, 'App\\Models\\User', 1),
(212, 'App\\Models\\User', 1),
(213, 'App\\Models\\User', 1),
(214, 'App\\Models\\User', 1),
(215, 'App\\Models\\User', 1),
(216, 'App\\Models\\User', 1),
(217, 'App\\Models\\User', 1),
(218, 'App\\Models\\User', 1),
(219, 'App\\Models\\User', 1),
(220, 'App\\Models\\User', 1),
(221, 'App\\Models\\User', 1),
(222, 'App\\Models\\User', 1),
(223, 'App\\Models\\User', 1),
(224, 'App\\Models\\User', 1),
(225, 'App\\Models\\User', 1),
(226, 'App\\Models\\User', 1),
(227, 'App\\Models\\User', 1),
(228, 'App\\Models\\User', 1),
(229, 'App\\Models\\User', 1),
(230, 'App\\Models\\User', 1),
(231, 'App\\Models\\User', 1),
(232, 'App\\Models\\User', 1),
(233, 'App\\Models\\User', 1),
(234, 'App\\Models\\User', 1),
(235, 'App\\Models\\User', 1),
(236, 'App\\Models\\User', 1),
(237, 'App\\Models\\User', 1),
(238, 'App\\Models\\User', 1),
(239, 'App\\Models\\User', 1),
(240, 'App\\Models\\User', 1),
(241, 'App\\Models\\User', 1),
(242, 'App\\Models\\User', 1),
(243, 'App\\Models\\User', 1),
(244, 'App\\Models\\User', 1),
(245, 'App\\Models\\User', 1),
(246, 'App\\Models\\User', 1),
(247, 'App\\Models\\User', 1),
(248, 'App\\Models\\User', 1),
(249, 'App\\Models\\User', 1),
(250, 'App\\Models\\User', 1),
(251, 'App\\Models\\User', 1),
(252, 'App\\Models\\User', 1),
(253, 'App\\Models\\User', 1),
(254, 'App\\Models\\User', 1),
(255, 'App\\Models\\User', 1),
(256, 'App\\Models\\User', 1),
(257, 'App\\Models\\User', 1),
(258, 'App\\Models\\User', 1),
(259, 'App\\Models\\User', 1),
(260, 'App\\Models\\User', 1),
(261, 'App\\Models\\User', 1),
(262, 'App\\Models\\User', 1),
(263, 'App\\Models\\User', 1),
(264, 'App\\Models\\User', 1),
(265, 'App\\Models\\User', 1),
(266, 'App\\Models\\User', 1),
(267, 'App\\Models\\User', 1),
(268, 'App\\Models\\User', 1),
(269, 'App\\Models\\User', 1),
(270, 'App\\Models\\User', 1),
(271, 'App\\Models\\User', 1),
(272, 'App\\Models\\User', 1),
(273, 'App\\Models\\User', 1),
(274, 'App\\Models\\User', 1),
(275, 'App\\Models\\User', 1),
(276, 'App\\Models\\User', 1),
(277, 'App\\Models\\User', 1),
(278, 'App\\Models\\User', 1),
(279, 'App\\Models\\User', 1),
(280, 'App\\Models\\User', 1),
(281, 'App\\Models\\User', 1),
(282, 'App\\Models\\User', 1),
(283, 'App\\Models\\User', 1),
(284, 'App\\Models\\User', 1),
(285, 'App\\Models\\User', 1),
(286, 'App\\Models\\User', 1),
(287, 'App\\Models\\User', 1),
(288, 'App\\Models\\User', 1),
(289, 'App\\Models\\User', 1),
(290, 'App\\Models\\User', 1),
(291, 'App\\Models\\User', 1),
(292, 'App\\Models\\User', 1),
(293, 'App\\Models\\User', 1),
(294, 'App\\Models\\User', 1),
(295, 'App\\Models\\User', 1),
(296, 'App\\Models\\User', 1),
(297, 'App\\Models\\User', 1),
(298, 'App\\Models\\User', 1),
(299, 'App\\Models\\User', 1),
(300, 'App\\Models\\User', 1),
(301, 'App\\Models\\User', 1),
(302, 'App\\Models\\User', 1),
(303, 'App\\Models\\User', 1),
(304, 'App\\Models\\User', 1),
(305, 'App\\Models\\User', 1),
(306, 'App\\Models\\User', 1),
(307, 'App\\Models\\User', 1),
(308, 'App\\Models\\User', 1),
(309, 'App\\Models\\User', 1),
(310, 'App\\Models\\User', 1),
(311, 'App\\Models\\User', 1),
(312, 'App\\Models\\User', 1),
(313, 'App\\Models\\User', 1),
(314, 'App\\Models\\User', 1),
(315, 'App\\Models\\User', 1),
(316, 'App\\Models\\User', 1),
(317, 'App\\Models\\User', 1),
(318, 'App\\Models\\User', 1),
(319, 'App\\Models\\User', 1),
(320, 'App\\Models\\User', 1),
(321, 'App\\Models\\User', 1),
(322, 'App\\Models\\User', 1),
(323, 'App\\Models\\User', 1),
(324, 'App\\Models\\User', 1),
(325, 'App\\Models\\User', 1),
(326, 'App\\Models\\User', 1),
(327, 'App\\Models\\User', 1),
(328, 'App\\Models\\User', 1),
(329, 'App\\Models\\User', 1),
(330, 'App\\Models\\User', 1),
(331, 'App\\Models\\User', 1),
(332, 'App\\Models\\User', 1),
(333, 'App\\Models\\User', 1),
(334, 'App\\Models\\User', 1),
(335, 'App\\Models\\User', 1),
(336, 'App\\Models\\User', 1),
(337, 'App\\Models\\User', 1),
(338, 'App\\Models\\User', 1),
(339, 'App\\Models\\User', 1),
(340, 'App\\Models\\User', 1),
(341, 'App\\Models\\User', 1),
(342, 'App\\Models\\User', 1),
(343, 'App\\Models\\User', 1),
(344, 'App\\Models\\User', 1),
(345, 'App\\Models\\User', 1),
(346, 'App\\Models\\User', 1),
(347, 'App\\Models\\User', 1),
(348, 'App\\Models\\User', 1),
(349, 'App\\Models\\User', 1),
(350, 'App\\Models\\User', 1),
(351, 'App\\Models\\User', 1),
(352, 'App\\Models\\User', 1),
(353, 'App\\Models\\User', 1),
(354, 'App\\Models\\User', 1),
(355, 'App\\Models\\User', 1),
(356, 'App\\Models\\User', 1),
(357, 'App\\Models\\User', 1),
(358, 'App\\Models\\User', 1),
(359, 'App\\Models\\User', 1),
(360, 'App\\Models\\User', 1),
(361, 'App\\Models\\User', 1);

INSERT INTO `model_has_roles` (`role_id`, `model_type`, `model_id`) VALUES
(1, 'App\\Models\\User', 1),
(2, 'App\\Models\\User', 2),
(3, 'App\\Models\\User', 3),
(4, 'App\\Models\\User', 4),
(5, 'App\\Models\\User', 5),
(3, 'App\\Models\\User', 6),
(3, 'App\\Models\\User', 7),
(3, 'App\\Models\\User', 8),
(3, 'App\\Models\\User', 9),
(3, 'App\\Models\\User', 10),
(3, 'App\\Models\\User', 11),
(3, 'App\\Models\\User', 12),
(3, 'App\\Models\\User', 13),
(3, 'App\\Models\\User', 14),
(3, 'App\\Models\\User', 15),
(3, 'App\\Models\\User', 16),
(4, 'App\\Models\\User', 17),
(4, 'App\\Models\\User', 18),
(4, 'App\\Models\\User', 19),
(4, 'App\\Models\\User', 20),
(4, 'App\\Models\\User', 21),
(4, 'App\\Models\\User', 22),
(4, 'App\\Models\\User', 23),
(4, 'App\\Models\\User', 24),
(4, 'App\\Models\\User', 25),
(4, 'App\\Models\\User', 26),
(4, 'App\\Models\\User', 27),
(4, 'App\\Models\\User', 28),
(4, 'App\\Models\\User', 29),
(4, 'App\\Models\\User', 30),
(4, 'App\\Models\\User', 31),
(4, 'App\\Models\\User', 32),
(4, 'App\\Models\\User', 33),
(4, 'App\\Models\\User', 34),
(4, 'App\\Models\\User', 35),
(4, 'App\\Models\\User', 36),
(3, 'App\\Models\\User', 37),
(3, 'App\\Models\\User', 38),
(3, 'App\\Models\\User', 39),
(3, 'App\\Models\\User', 40),
(3, 'App\\Models\\User', 41),
(3, 'App\\Models\\User', 42),
(3, 'App\\Models\\User', 43),
(2, 'App\\Models\\User', 44),
(2, 'App\\Models\\User', 45),
(2, 'App\\Models\\User', 46),
(2, 'App\\Models\\User', 47),
(2, 'App\\Models\\User', 48),
(5, 'App\\Models\\User', 49),
(5, 'App\\Models\\User', 50),
(5, 'App\\Models\\User', 51),
(5, 'App\\Models\\User', 52),
(5, 'App\\Models\\User', 53),
(4, 'App\\Models\\User', 54),
(4, 'App\\Models\\User', 55),
(2, 'App\\Models\\User', 56),
(6, 'App\\Models\\User', 57),
(7, 'App\\Models\\User', 58),
(7, 'App\\Models\\User', 59),
(7, 'App\\Models\\User', 60),
(7, 'App\\Models\\User', 61),
(7, 'App\\Models\\User', 62),
(7, 'App\\Models\\User', 63),
(7, 'App\\Models\\User', 64),
(4, 'App\\Models\\User', 65),
(4, 'App\\Models\\User', 66);

INSERT INTO `role_has_permissions` (`permission_id`, `role_id`) VALUES
(1, 1),
(2, 1),
(3, 1),
(4, 1),
(5, 1),
(6, 1),
(7, 1),
(8, 1),
(9, 1),
(10, 1),
(11, 1),
(12, 1),
(13, 1),
(14, 1),
(15, 1),
(16, 1),
(17, 1),
(18, 1),
(19, 1),
(20, 1),
(21, 1),
(22, 1),
(23, 1),
(24, 1),
(25, 1),
(26, 1),
(27, 1),
(28, 1),
(29, 1),
(30, 1),
(31, 1),
(32, 1),
(33, 1),
(34, 1),
(35, 1),
(36, 1),
(37, 1),
(38, 1),
(39, 1),
(40, 1),
(41, 1),
(42, 1),
(43, 1),
(44, 1),
(45, 1),
(46, 1),
(47, 1),
(48, 1),
(49, 1),
(50, 1),
(51, 1),
(52, 1),
(53, 1),
(54, 1),
(55, 1),
(56, 1),
(57, 1),
(58, 1),
(59, 1),
(60, 1),
(61, 1),
(62, 1),
(63, 1),
(64, 1),
(65, 1),
(66, 1),
(67, 1),
(68, 1),
(69, 1),
(70, 1),
(71, 1),
(72, 1),
(73, 1),
(74, 1),
(75, 1),
(76, 1),
(77, 1),
(78, 1),
(79, 1),
(80, 1),
(81, 1),
(82, 1),
(83, 1),
(84, 1),
(85, 1),
(86, 1),
(87, 1),
(88, 1),
(89, 1),
(90, 1),
(91, 1),
(92, 1),
(93, 1),
(94, 1),
(95, 1),
(96, 1),
(97, 1),
(98, 1),
(99, 1),
(100, 1),
(101, 1),
(102, 1),
(103, 1),
(104, 1),
(105, 1),
(106, 1),
(107, 1),
(108, 1),
(109, 1),
(110, 1),
(111, 1),
(21, 2),
(25, 2),
(31, 2),
(37, 2),
(43, 2),
(49, 2),
(55, 2),
(61, 2),
(106, 2),
(303, 2),
(304, 2),
(305, 2),
(306, 2),
(307, 2),
(308, 2),
(340, 2),
(346, 2),
(350, 2),
(112, 3),
(124, 3),
(136, 3),
(142, 3),
(148, 3),
(154, 3),
(178, 3),
(206, 3),
(210, 3),
(214, 3),
(215, 3),
(216, 3),
(217, 3),
(220, 3),
(221, 3),
(222, 3),
(235, 3),
(237, 3),
(242, 3),
(255, 3),
(261, 3),
(262, 3),
(266, 3),
(271, 3),
(277, 3),
(283, 3),
(298, 3),
(299, 3),
(300, 3),
(301, 3),
(302, 3),
(118, 4),
(120, 4),
(142, 4),
(148, 4),
(172, 4),
(178, 4),
(184, 4),
(185, 4),
(190, 4),
(196, 4),
(203, 4),
(206, 4),
(210, 4),
(214, 4),
(216, 4),
(220, 4),
(222, 4),
(223, 4),
(229, 4),
(233, 4),
(234, 4),
(235, 4),
(236, 4),
(245, 4),
(246, 4),
(261, 4),
(266, 4),
(267, 4),
(271, 4),
(277, 4),
(283, 4),
(284, 4),
(285, 4),
(286, 4),
(287, 4),
(289, 4),
(298, 4),
(299, 4),
(300, 4),
(301, 4),
(302, 4),
(118, 6),
(120, 6),
(124, 6),
(126, 6),
(130, 6),
(148, 6),
(160, 6),
(172, 6),
(206, 6),
(210, 6),
(214, 6),
(216, 6),
(217, 6),
(218, 6),
(220, 6),
(222, 6),
(253, 6),
(255, 6),
(302, 6),
(118, 7),
(148, 7),
(160, 7),
(172, 7),
(184, 7),
(190, 7),
(196, 7),
(206, 7),
(210, 7),
(214, 7),
(220, 7),
(245, 7),
(246, 7),
(248, 7),
(249, 7),
(253, 7),
(289, 7),
(290, 7),
(291, 7),
(292, 7),
(293, 7),
(295, 7),
(302, 7),
(303, 5),
(304, 5),
(305, 5);

INSERT INTO `migrations` (`id`, `migration`, `batch`) VALUES
(1, '0001_01_01_000000_create_users_table', 1),
(2, '0001_01_01_000001_create_cache_table', 1),
(3, '0001_01_01_000002_create_jobs_table', 1),
(4, '2014_10_12_100000_create_password_resets_table', 1),
(5, '2017_08_11_073824_create_menus_wp_table', 1),
(6, '2017_08_11_074006_create_menu_items_wp_table', 1),
(7, '2021_11_25_094447_create_countries_table', 1),
(8, '2022_05_30_090203_create_media_table', 1),
(9, '2022_09_28_105314_create_categories_table', 1),
(10, '2022_10_01_135505_create_tags_table', 1),
(11, '2023_04_20_044705_create_notifications_table', 1),
(12, '2023_05_30_112559_create_modules_table', 1),
(13, '2023_10_07_060301_create_blogs_table', 1),
(14, '2023_11_15_131828_create_pages_table', 1),
(15, '2023_12_05_062849_create_payment_gateways_table', 1),
(16, '2024_04_20_061325_create_plugins_table', 1),
(17, '2024_05_01_042107_create_auth_tokens_table', 1),
(18, '2024_05_23_082318_create_personal_access_tokens_table', 1),
(19, '2024_05_25_081827_create_permission_tables', 1),
(20, '2024_07_09_095953_create_taxes_table', 1),
(21, '2024_07_09_104520_create_currencies_table', 1),
(22, '2024_07_12_043614_create_languages_table', 1),
(23, '2024_07_12_044309_add_columns_users_table', 1),
(24, '2024_07_12_044309_create_settings_table', 1),
(25, '2024_07_12_044309_create_taxido_settings_table', 1),
(26, '2024_07_18_084646_create_banners_table', 1),
(27, '2024_07_18_084724_create_documents_table', 1),
(28, '2024_07_18_084754_create_services_table', 1),
(29, '2024_07_18_084755_create_vehicle_types_table', 1),
(30, '2024_07_19_082823_create_priorities_table', 1),
(31, '2024_07_19_090319_create_zones_table', 1),
(32, '2024_07_19_090419_create_addresses_table', 1),
(33, '2024_07_19_130334_create_faqs_table', 1),
(34, '2024_07_22_070950_create_driver_rules_table', 1),
(35, '2024_07_22_090803_create_form_fields_table', 1),
(36, '2024_07_22_124552_create_payment_accounts_table', 1),
(37, '2024_07_24_083029_create_message_table', 1),
(38, '2024_07_24_101439_create_wallets_table', 1),
(39, '2024_07_24_103346_create_driver_documents_table', 1),
(40, '2024_07_25_052049_create_ticket_settings_table', 1),
(41, '2024_08_01_061513_create_statuses_table', 1),
(42, '2024_08_02_115838_create_hourly_packages_table', 1),
(43, '2024_08_02_130158_create_coupons_table', 1),
(44, '2024_08_12_045713_create_departments_table', 1),
(45, '2024_08_12_115839_create_service_categories_table', 1),
(46, '2024_08_13_052445_create_tickets_table', 1),
(47, '2024_08_29_102551_create_withdraw_requests_table', 1),
(48, '2024_08_31_033317_add_alternative_text_to_media_table', 1),
(49, '2024_08_31_052446_create_reports_table', 1),
(50, '2024_09_03_070923_create_push_notifications_table', 1),
(51, '2024_09_03_072944_create_ratings_table', 1),
(52, '2024_09_06_122033_create_knowledge_base_categories_table', 1),
(53, '2024_09_06_123438_create_landing_pages_table', 1),
(54, '2024_09_07_094637_create_knowledge_base_tags_table', 1),
(55, '2024_09_09_094216_create_knowledge_bases_table', 1),
(56, '2024_09_09_115527_create_cancellation_reasons_table', 1),
(57, '2024_10_01_124515_create_rental_vehicles', 1),
(58, '2024_10_02_115840_create_rides_table', 1),
(59, '2024_10_07_120923_create_rider_reviews_table', 1),
(60, '2024_10_07_121023_create_driver_reviews_table', 1),
(61, '2024_10_08_070424_create_sos_table', 1),
(62, '2024_10_12_083722_create_email_templates', 1),
(63, '2024_10_14_111617_create_sms_templates', 1),
(64, '2024_10_15_041531_create_push_notification_templates', 1),
(65, '2024_11_22_062049_create_notices_table', 1),
(66, '2024_11_25_035910_create_testimonials_table', 1),
(67, '2024_11_27_054315_create_backup_logs', 1),
(68, '2024_11_28_120846_create_activity_log_table', 1),
(69, '2024_11_28_120847_add_event_column_to_activity_log_table', 1),
(70, '2024_11_28_120848_add_batch_uuid_column_to_activity_log_table', 1),
(71, '2024_12_16_035102_create_customizations_table', 1),
(72, '2024_12_22_060359_create_cab_commission_histories_table', 1),
(73, '2025_01_03_092822_create_plans_table', 1),
(74, '2025_01_20_133742_2023_10_07_060301_create_subscribes_table', 1),
(75, '2025_03_12_052604_create_onboardings_table', 1);

TRUNCATE `menu_items`;
INSERT INTO `menu_items` (`id`, `label`, `route`, `params`, `slug`, `permission`, `parent`, `module`, `section`, `sort`, `class`, `icon`, `badge`, `badgeable`, `menu`, `depth`, `quick_link`, `status`, `role_id`, `created_by_id`, `created_at`, `updated_at`, `deleted_at`) VALUES
(1, 'static.dashboard', 'admin.dashboard.index', NULL, 'staticdashboard', '', 0, NULL, 'static.home', 0, NULL, 'ri-dashboard-line', 0, 0, 1, 0, 0, 1, 0, 1, '2025-05-29 23:42:49', '2025-05-29 23:42:49', NULL),
(2, 'static.users.users', 'admin.user.index', NULL, 'staticusersusers', 'user.index', 0, NULL, 'static.user_management', 1, NULL, 'ri-group-line', 0, 0, 1, 0, 0, 1, 0, 1, '2025-05-29 23:42:49', '2025-05-29 23:42:49', NULL),
(3, 'static.users.all', 'admin.user.index', NULL, 'staticusersall', 'user.index', 2, NULL, 'static.user_management', 2, NULL, 'ri-user-3-line', 0, 0, 1, 1, 0, 1, 0, 1, '2025-05-29 23:42:49', '2025-05-29 23:42:49', NULL),
(4, 'static.users.add', 'admin.user.create', NULL, 'staticusersadd', 'user.create', 2, NULL, 'static.user_management', 3, NULL, 'ri-user-add-line', 0, 0, 1, 1, 0, 1, 0, 1, '2025-05-29 23:42:49', '2025-05-29 23:42:49', NULL),
(5, 'static.users.role_permissions', 'admin.role.index', NULL, 'staticusersrole-permissions', 'role.index', 2, NULL, 'static.user_management', 4, NULL, 'ri-lock-line', 0, 0, 1, 1, 0, 1, 0, 1, '2025-05-29 23:42:49', '2025-05-29 23:42:49', NULL),
(6, 'static.media.media', 'admin.media.index', NULL, 'staticmediamedia', 'attachment.index', 0, NULL, 'static.home', 5, NULL, 'ri-folder-open-line', 0, 0, 1, 0, 0, 1, 0, 1, '2025-05-29 23:42:49', '2025-05-29 23:42:49', NULL),
(7, 'static.blogs.blogs', 'admin.blog.index', NULL, 'staticblogsblogs', 'blog.index', 0, NULL, 'static.content_management', 6, NULL, 'ri-pushpin-line', 0, 0, 1, 0, 0, 1, 0, 1, '2025-05-29 23:42:49', '2025-05-29 23:42:49', NULL),
(8, 'static.blogs.all_blogs', 'admin.blog.index', NULL, 'staticblogsall-blogs', 'blog.index', 7, NULL, 'static.content_management', 7, NULL, 'ri-bookmark-line', 0, 0, 1, 1, 0, 1, 0, 1, '2025-05-29 23:42:49', '2025-05-29 23:42:49', NULL),
(9, 'static.blogs.add_blogs', 'admin.blog.create', NULL, 'staticblogsadd-blogs', 'blog.create', 7, NULL, 'static.content_management', 8, NULL, 'ri-add-line', 0, 0, 1, 1, 0, 1, 0, 1, '2025-05-29 23:42:49', '2025-05-29 23:42:49', NULL),
(10, 'static.categories.categories', 'admin.category.index', NULL, 'staticcategoriescategories', 'category.index', 7, NULL, 'static.content_management', 9, NULL, 'ri-folder-line', 0, 0, 1, 1, 0, 1, 0, 1, '2025-05-29 23:42:49', '2025-05-29 23:42:49', NULL),
(11, 'static.tags.tags', 'admin.tag.index', NULL, 'statictagstags', 'tag.index', 7, NULL, 'static.content_management', 10, NULL, 'ri-price-tag-3-line', 0, 0, 1, 1, 0, 1, 0, 1, '2025-05-29 23:42:49', '2025-05-29 23:42:49', NULL),
(12, 'static.pages.pages', 'admin.page.index', NULL, 'staticpagespages', 'page.index', 0, NULL, 'static.content_management', 11, NULL, 'ri-pages-line', 0, 0, 1, 0, 0, 1, 0, 1, '2025-05-29 23:42:49', '2025-05-29 23:42:49', NULL),
(13, 'static.pages.all_page', 'admin.page.index', NULL, 'staticpagesall-page', 'page.index', 12, NULL, 'static.content_management', 12, NULL, 'ri-list-check', 0, 0, 1, 1, 0, 1, 0, 1, '2025-05-29 23:42:49', '2025-05-29 23:42:49', NULL),
(14, 'static.pages.add', 'admin.page.create', NULL, 'staticpagesadd', 'page.create', 12, NULL, 'static.content_management', 13, NULL, 'ri-add-line', 0, 0, 1, 1, 0, 1, 0, 1, '2025-05-29 23:42:49', '2025-05-29 23:42:49', NULL),
(15, 'static.notify_templates.notify_templates', 'admin.email-template.index', NULL, 'staticnotify-templatesnotify-templates', 'email_template.index', 0, NULL, 'static.promotion_management', 14, NULL, 'ri-pushpin-line', 0, 0, 1, 0, 0, 1, 0, 1, '2025-05-29 23:42:49', '2025-05-29 23:42:49', NULL),
(16, 'static.notify_templates.email', 'admin.email-template.index', NULL, 'staticnotify-templatesemail', 'email_template.index', 15, NULL, 'static.promotion_management', 15, NULL, 'ri-dashboard-line', 0, 0, 1, 1, 0, 1, 0, 1, '2025-05-29 23:42:49', '2025-05-29 23:42:49', NULL),
(17, 'static.notify_templates.sms', 'admin.sms-template.index', NULL, 'staticnotify-templatessms', 'sms_template.index', 15, NULL, 'static.promotion_management', 16, NULL, 'ri-dashboard-line', 0, 0, 1, 1, 0, 1, 0, 1, '2025-05-29 23:42:49', '2025-05-29 23:42:49', NULL),
(18, 'static.notify_templates.push_notification', 'admin.push-notification-template.index', NULL, 'staticnotify-templatespush-notification', 'push_notification_template.index', 15, NULL, 'static.promotion_management', 17, NULL, 'ri-dashboard-line', 0, 0, 1, 1, 0, 1, 0, 1, '2025-05-29 23:42:49', '2025-05-29 23:42:49', NULL),
(19, 'static.testimonials.testimonials', 'admin.testimonial.index', NULL, 'statictestimonialstestimonials', 'testimonial.index', 0, NULL, 'static.promotion_management', 18, NULL, 'ri-group-line', 0, 0, 1, 0, 0, 1, 0, 1, '2025-05-29 23:42:49', '2025-05-29 23:42:49', NULL),
(20, 'static.testimonials.all_testimonials', 'admin.testimonial.index', NULL, 'statictestimonialsall-testimonials', 'testimonial.index', 19, NULL, 'static.promotion_management', 19, NULL, 'ri-list-check', 0, 0, 1, 1, 0, 1, 0, 1, '2025-05-29 23:42:49', '2025-05-29 23:42:49', NULL),
(21, 'static.testimonials.add', 'admin.testimonial.create', NULL, 'statictestimonialsadd', 'testimonial.create', 19, NULL, 'static.promotion_management', 20, NULL, 'ri-add-line', 0, 0, 1, 1, 0, 1, 0, 1, '2025-05-29 23:42:49', '2025-05-29 23:42:49', NULL),
(22, 'static.faqs.faqs', 'admin.faq.index', NULL, 'staticfaqsfaqs', 'faq.index', 0, NULL, 'static.content_management', 21, NULL, 'ri-questionnaire-line', 0, 0, 1, 0, 0, 1, 0, 1, '2025-05-29 23:42:49', '2025-05-29 23:42:49', NULL),
(23, 'static.general_settings', 'admin.setting.index', NULL, 'staticgeneral-settings', 'setting.index', 0, NULL, 'static.setting_management', 22, NULL, 'ri-settings-5-line', 0, 0, 1, 0, 0, 1, 0, 1, '2025-05-29 23:42:49', '2025-05-29 23:42:49', NULL),
(24, 'static.languages.languages', 'admin.language.index', NULL, 'staticlanguageslanguages', 'language.index', 23, NULL, 'static.setting_management', 23, NULL, 'ri-translate-2', 0, 0, 1, 1, 0, 1, 0, 1, '2025-05-29 23:42:49', '2025-05-29 23:42:49', NULL),
(25, 'static.taxes.taxes', 'admin.tax.index', NULL, 'statictaxestaxes', 'tax.index', 23, NULL, 'static.financial_management', 24, NULL, 'ri-percent-line', 0, 0, 1, 1, 0, 1, 0, 1, '2025-05-29 23:42:49', '2025-05-29 23:42:49', NULL),
(26, 'static.currencies.currencies', 'admin.currency.index', NULL, 'staticcurrenciescurrencies', 'currency.index', 23, NULL, 'static.financial_management', 25, NULL, 'ri-currency-line', 0, 0, 1, 1, 0, 1, 0, 1, '2025-05-29 23:42:49', '2025-05-29 23:42:49', NULL),
(27, 'static.plugins.plugins', 'admin.plugin.index', NULL, 'staticpluginsplugins', 'plugin.index', 23, NULL, 'static.setting_management', 26, NULL, 'ri-plug-line', 0, 0, 1, 1, 0, 1, 0, 1, '2025-05-29 23:42:49', '2025-05-29 23:42:49', NULL),
(28, 'static.payment_methods.payment_methods', 'admin.payment-method.index', NULL, 'staticpayment-methodspayment-methods', 'payment-method.index', 23, NULL, 'static.setting_management', 27, NULL, 'ri-secure-payment-line', 0, 0, 1, 1, 0, 1, 0, 1, '2025-05-29 23:42:49', '2025-05-29 23:42:49', NULL),
(29, 'static.sms_gateways.sms_gateways', 'admin.sms-gateway.index', NULL, 'staticsms-gatewayssms-gateways', 'sms-gateway.index', 23, NULL, 'static.setting_management', 28, NULL, 'ri-message-2-line', 0, 0, 1, 1, 0, 1, 0, 1, '2025-05-29 23:42:49', '2025-05-29 23:42:49', NULL),
(30, 'static.systems.about', 'admin.about-system.index', NULL, 'staticsystemsabout', 'about-system.index', 23, NULL, 'static.setting_management', 29, NULL, 'ri-apps-line', 0, 0, 1, 1, 0, 1, 0, 1, '2025-05-29 23:42:49', '2025-05-29 23:42:49', NULL),
(31, 'static.settings.settings', 'admin.setting.index', NULL, 'staticsettingssettings', 'setting.index', 23, NULL, 'static.setting_management', 30, NULL, 'ri-settings-5-line', 0, 0, 1, 1, 0, 1, 0, 1, '2025-05-29 23:42:49', '2025-05-29 23:42:49', NULL),
(32, 'static.appearance.appearance', 'admin.robot.index', NULL, 'staticappearanceappearance', 'appearance.index', 0, NULL, 'static.setting_management', 31, NULL, 'ri-swap-3-line', 0, 0, 1, 0, 0, 1, 0, 1, '2025-05-29 23:42:49', '2025-05-29 23:42:49', NULL),
(33, 'static.appearance.robots', 'admin.robot.index', NULL, 'staticappearancerobots', 'appearance.index', 32, NULL, 'static.setting_management', 32, NULL, '', 0, 0, 1, 1, 0, 1, 0, 1, '2025-05-29 23:42:49', '2025-05-29 23:42:49', NULL),
(34, 'static.landing_pages.landing_page_title', 'admin.landing-page.index', NULL, 'staticlanding-pageslanding-page-title', 'landing_page.index', 32, NULL, 'static.setting_management', 33, NULL, 'ri-pages-line', 0, 0, 1, 1, 0, 1, 0, 1, '2025-05-29 23:42:49', '2025-05-29 23:42:49', NULL),
(35, 'static.landing_pages.subscribers', 'admin.subscribes', NULL, 'staticlanding-pagessubscribers', 'landing_page.index', 32, NULL, 'static.setting_management', 34, NULL, 'ri-pages-line', 0, 0, 1, 1, 0, 1, 0, 1, '2025-05-29 23:42:49', '2025-05-29 23:42:49', NULL),
(36, 'static.appearance.customizations', 'admin.customization.index', NULL, 'staticappearancecustomizations', 'appearance.index', 32, NULL, 'static.setting_management', 35, NULL, 'ri-pages-line', 0, 0, 1, 1, 0, 1, 0, 1, '2025-05-29 23:42:49', '2025-05-29 23:42:49', NULL),
(37, 'static.system_tools.system_tools', 'admin.backup.index', NULL, 'staticsystem-toolssystem-tools', 'system-tool.index', 0, NULL, 'static.setting_management', 36, NULL, 'ri-shield-user-line', 0, 0, 1, 0, 0, 1, 0, 1, '2025-05-29 23:42:49', '2025-05-29 23:42:49', NULL),
(38, 'static.system_tools.backup', 'admin.backup.index', NULL, 'staticsystem-toolsbackup', 'system-tool.index', 37, NULL, 'static.setting_management', 37, NULL, '', 0, 0, 1, 1, 0, 1, 0, 1, '2025-05-29 23:42:49', '2025-05-29 23:42:49', NULL),
(39, 'static.system_tools.activity_logs', 'admin.activity-logs.index', NULL, 'staticsystem-toolsactivity-logs', 'system-tool.index', 37, NULL, 'static.setting_management', 38, NULL, '', 0, 0, 1, 1, 0, 1, 0, 1, '2025-05-29 23:42:49', '2025-05-29 23:42:49', NULL),
(40, 'static.system_tools.database_cleanup', 'admin.cleanup-db.index', NULL, 'staticsystem-toolsdatabase-cleanup', 'system-tool.index', 37, NULL, 'static.setting_management', 39, NULL, '', 0, 0, 1, 1, 0, 1, 0, 1, '2025-05-29 23:42:49', '2025-05-29 23:42:49', NULL),
(41, 'static.menus.menus', 'admin.menu.index', NULL, 'staticmenusmenus', 'menu.index', 0, NULL, 'static.setting_management', 40, NULL, 'ri-menu-2-line', 0, 0, 1, 0, 0, 1, 0, 1, '2025-05-29 23:42:49', '2025-05-29 23:42:49', NULL),
(42, 'taxido::static.riders.riders', NULL, NULL, 'tx_riders', 'rider.index', 0, 18, 'static.user_management', 3, NULL, 'ri-group-line', 0, NULL, 1, 0, 0, 1, 0, 1, '2025-05-29 23:43:57', '2025-05-29 23:50:08', NULL),
(43, 'taxido::static.riders.all', 'admin.rider.index', NULL, 'tx_all_riders', 'rider.index', 42, 18, 'static.user_management', 41, NULL, 'ri-team-line', 0, NULL, 1, 1, 0, 1, 0, 1, '2025-05-29 23:43:57', '2025-05-29 23:50:08', NULL),
(44, 'taxido::static.riders.add', 'admin.rider.create', NULL, 'tx_rider_create', 'rider.create', 42, 18, 'static.user_management', 42, NULL, 'ri-user-add-line', 0, NULL, 1, 1, 0, 1, 0, 1, '2025-05-29 23:43:57', '2025-05-29 23:50:08', NULL),
(45, 'taxido::static.wallets.wallet', 'admin.rider-wallet.index', NULL, 'tx_rider_wallet', 'rider_wallet.index', 42, 18, 'static.user_management', 43, NULL, 'ri-wallet-line', 0, NULL, 1, 1, 0, 1, 0, 1, '2025-05-29 23:43:57', '2025-05-29 23:50:08', NULL),
(46, 'taxido::static.drivers.drivers', NULL, NULL, 'tx_drivers', 'driver.index', 0, 18, 'static.user_management', 4, NULL, 'ri-user-2-line', 0, NULL, 1, 0, 0, 1, 0, 1, '2025-05-29 23:43:57', '2025-05-29 23:50:08', NULL),
(47, 'taxido::static.drivers.verified_drivers', 'admin.driver.index', NULL, 'tx_all_drivers', 'driver.index', 46, 18, 'static.user_management', 44, NULL, 'ri-check-line', 0, NULL, 1, 1, 0, 1, 0, 1, '2025-05-29 23:43:57', '2025-05-29 23:50:08', NULL),
(48, 'taxido::static.drivers.unverified_driver', 'admin.driver.unverified-drivers', NULL, 'tx_unverified_drivers', 'unverified_driver.index', 46, 18, 'static.user_management', 45, NULL, 'ri-alert-line', 0, 1, 1, 1, 0, 1, 0, 1, '2025-05-29 23:43:57', '2025-05-29 23:50:08', NULL),
(49, 'taxido::static.drivers.add', 'admin.driver.create', NULL, 'tx_driver_add', 'driver.create', 46, 18, 'static.user_management', 46, NULL, 'ri-add-line', 0, NULL, 1, 1, 0, 1, 0, 1, '2025-05-29 23:43:57', '2025-05-29 23:50:08', NULL),
(50, 'taxido::static.driver_documents.driver_documents', 'admin.driver-document.index', NULL, 'tx_driverDocument', 'driver_document.index', 46, 18, 'static.user_management', 47, NULL, 'ri-document-line', 0, 1, 1, 1, 0, 1, 0, 1, '2025-05-29 23:43:57', '2025-05-29 23:50:08', NULL),
(51, 'taxido::static.driver_rules.driver_rules', 'admin.driver-rule.index', NULL, 'tx_driverRule', 'driver_rule.index', 46, 18, 'static.user_management', 48, NULL, 'ri-gavel-line', 0, NULL, 1, 1, 0, 1, 0, 1, '2025-05-29 23:43:57', '2025-05-29 23:50:08', NULL),
(52, 'taxido::static.locations.driver_location', 'admin.driver-location.index', NULL, 'tx_locations', 'driver_location.index', 46, 18, 'static.user_management', 49, NULL, 'ri-road-map-line', 0, NULL, 1, 1, 0, 1, 0, 1, '2025-05-29 23:43:57', '2025-05-29 23:50:08', NULL),
(53, 'taxido::static.notices.notice', 'admin.notice.index', NULL, 'taxidostaticnoticesnotice', 'notice.index', 46, 18, 'static.user_management', 50, NULL, 'ri-notice-line', 0, NULL, 1, 1, 0, 1, 0, 1, '2025-05-29 23:43:57', '2025-05-29 23:50:08', NULL),
(54, 'taxido::static.wallets.wallet', 'admin.driver-wallet.index', NULL, 'taxidostaticwalletswallet', 'driver_wallet.index', 46, 18, 'static.user_management', 51, NULL, 'ri-wallet-line', 0, NULL, 1, 1, 0, 1, 0, 1, '2025-05-29 23:43:57', '2025-05-29 23:50:08', NULL),
(55, 'taxido::static.withdraw_requests.withdraw_request', 'admin.withdraw-request.index', NULL, 'tx_withdrawRequest', 'withdraw_request.index', 46, 18, 'static.user_management', 52, NULL, 'ri-money-dollar-circle-line', 0, 1, 1, 1, 0, 1, 0, 1, '2025-05-29 23:43:57', '2025-05-29 23:50:08', NULL),
(56, 'taxido::static.commission_histories.commission_histories', 'admin.cab-commission-history.index', NULL, 'tx_commissionHistory', 'cab_commission_history.index', 46, 18, 'static.user_management', 53, NULL, 'ri-money-dollar-circle-line', 0, NULL, 1, 1, 0, 1, 0, 1, '2025-05-29 23:43:57', '2025-05-29 23:50:08', NULL),
(57, 'taxido::static.dispatchers.dispatchers', NULL, NULL, 'tx_dispatcher', 'rider.index', 0, 18, 'static.user_management', 54, NULL, 'ri-group-line', 0, NULL, 1, 0, 0, 1, 0, 1, '2025-05-29 23:43:57', '2025-05-29 23:50:08', NULL),
(58, 'taxido::static.dispatchers.all', 'admin.dispatcher.index', NULL, 'tx_all_dispatchers', 'dispatcher.index', 57, 18, 'static.user_management', 55, NULL, 'ri-team-line', 0, NULL, 1, 1, 0, 1, 0, 1, '2025-05-29 23:43:57', '2025-05-29 23:50:08', NULL),
(59, 'taxido::static.dispatchers.add', 'admin.dispatcher.create', NULL, 'tx_dispatcher_create', 'dispatcher.create', 57, 18, 'static.user_management', 56, NULL, 'ri-user-add-line', 0, NULL, 1, 1, 0, 1, 0, 1, '2025-05-29 23:43:57', '2025-05-29 23:50:08', NULL),
(60, 'taxido::static.fleet_managers.fleet_managers', NULL, NULL, 'tx_fleet_manager', 'fleet_manager.index', 0, 18, 'static.user_management', 57, NULL, 'ri-truck-line', 0, NULL, 1, 0, 0, 1, 0, 1, '2025-05-29 23:43:57', '2025-05-29 23:50:08', NULL),
(61, 'taxido::static.fleet_managers.all', 'admin.fleet-manager.index', NULL, 'tx_all_fleet_managers', 'fleet_manager.index', 60, 18, 'static.user_management', 58, NULL, 'ri-team-line', 0, NULL, 1, 1, 0, 1, 0, 1, '2025-05-29 23:43:57', '2025-05-29 23:50:08', NULL),
(62, 'taxido::static.fleet_managers.add', 'admin.fleet-manager.create', NULL, 'tx_fleet_manager_create', 'fleet_manager.create', 60, 18, 'static.user_management', 59, NULL, 'ri-user-add-line', 0, NULL, 1, 1, 0, 1, 0, 1, '2025-05-29 23:43:57', '2025-05-29 23:50:08', NULL),
(63, 'taxido::static.wallets.wallet', 'admin.fleet-wallet.index', NULL, 'tx_fleet_manager_wallet', 'fleet_wallet.index', 60, 18, 'static.user_management', 60, NULL, 'ri-wallet-line', 0, NULL, 1, 1, 0, 1, 0, 1, '2025-05-29 23:43:57', '2025-05-29 23:50:08', NULL),
(64, 'taxido::static.fleet_withdraw_requests.withdraw_request', 'admin.fleet-withdraw-request.index', NULL, 'tx_fleet_withdrawRequest', 'fleet_withdraw_request.index', 60, 18, 'static.user_management', 61, NULL, 'ri-money-dollar-circle-line', 0, 1, 1, 1, 0, 1, 0, 1, '2025-05-29 23:43:57', '2025-05-29 23:50:08', NULL),
(65, 'taxido::static.zones.zones', NULL, NULL, 'zones', 'zone.index', 0, 18, 'taxido::static.cab_management', 6, NULL, 'ri-route-line', 0, NULL, 1, 0, 0, 1, 0, 1, '2025-05-29 23:43:57', '2025-05-29 23:50:08', NULL),
(66, 'taxido::static.zones.zones', 'admin.zone.index', NULL, 'tx_zones', 'zone.index', 65, 18, 'taxido::static.cab_management', 62, NULL, 'ri-map-2-line', 0, NULL, 1, 1, 0, 1, 0, 1, '2025-05-29 23:43:57', '2025-05-29 23:50:08', NULL),
(67, 'taxido::static.zones.add', 'admin.zone.create', NULL, 'tx_zones_create', 'zone.create', 65, 18, 'taxido::static.cab_management', 63, NULL, 'ri-map-2-line', 0, NULL, 1, 1, 0, 1, 0, 1, '2025-05-29 23:43:57', '2025-05-29 23:50:08', NULL),
(68, 'taxido::static.services.services', 'admin.service.index', NULL, 'tx_service', 'service.index', 0, 18, 'taxido::static.cab_management', 7, NULL, 'ri-pin-distance-line', 0, NULL, 1, 0, 0, 1, 0, 1, '2025-05-29 23:43:57', '2025-05-29 23:50:08', NULL),
(69, 'taxido::static.services.cab', NULL, NULL, 'tx_service_cab', 'service.index', 0, 18, 'static.home', 8, NULL, 'ri-roadster-line', 0, NULL, 1, 0, 0, 1, 0, 1, '2025-05-29 23:43:57', '2025-05-29 23:50:08', NULL),
(70, 'taxido::static.service_categories.serviceCategory', 'admin.service-category.cab.index', NULL, 'tx_service_categories_cab', 'service.index', 69, 18, 'static.home', 8, NULL, 'ri-taxi-line', 0, NULL, 1, 1, 0, 1, 0, 1, '2025-05-29 23:43:57', '2025-05-29 23:50:08', NULL),
(71, 'taxido::static.service_categories.vehicles', 'admin.vehicle-type.cab.index', NULL, 'tx_service_categories_vehicle_cab', 'service.index', 69, 18, 'static.home', 8, NULL, 'ri-taxi-line', 0, NULL, 1, 1, 0, 1, 0, 1, '2025-05-29 23:43:57', '2025-05-29 23:50:08', NULL),
(72, 'taxido::static.services.freight', NULL, NULL, 'tx_service_freight', 'service.index', 0, 18, 'static.home', 9, NULL, 'ri-truck-line', 0, NULL, 1, 0, 0, 1, 0, 1, '2025-05-29 23:43:57', '2025-05-29 23:50:08', NULL),
(73, 'taxido::static.service_categories.serviceCategory', 'admin.service-category.freight.index', NULL, 'tx_service_categories_freight', 'service.index', 72, 18, 'static.home', 8, NULL, 'ri-taxi-line', 0, NULL, 1, 1, 0, 1, 0, 1, '2025-05-29 23:43:57', '2025-05-29 23:50:08', NULL),
(74, 'taxido::static.service_categories.vehicles', 'admin.vehicle-type.freight.index', NULL, 'tx_service_categories_vehicle_freight', 'service.index', 72, 18, 'static.home', 8, NULL, 'ri-taxi-line', 0, NULL, 1, 1, 0, 1, 0, 1, '2025-05-29 23:43:57', '2025-05-29 23:50:08', NULL),
(75, 'taxido::static.services.parcel', NULL, NULL, 'tx_service_parcel', 'service.index', 0, 18, 'static.home', 9, NULL, 'ri-archive-2-line', 0, NULL, 1, 0, 0, 1, 0, 1, '2025-05-29 23:43:57', '2025-05-29 23:50:08', NULL),
(76, 'taxido::static.service_categories.serviceCategory', 'admin.service-category.parcel.index', NULL, 'tx_service_categories_parcel', 'service.index', 75, 18, 'static.home', 8, NULL, 'ri-taxi-line', 0, NULL, 1, 1, 0, 1, 0, 1, '2025-05-29 23:43:58', '2025-05-29 23:50:08', NULL),
(77, 'taxido::static.service_categories.vehicles', 'admin.vehicle-type.parcel.index', NULL, 'tx_service_categories_vehicle_parcel', 'service.index', 75, 18, 'static.home', 8, NULL, 'ri-taxi-line', 0, NULL, 1, 1, 0, 1, 0, 1, '2025-05-29 23:43:58', '2025-05-29 23:50:08', NULL),
(78, 'taxido::static.heatmaps.heat_map', 'admin.heat-map', NULL, 'tx_heatmap', 'heat_map.index', 0, 18, 'taxido::static.cab_management', 9, NULL, 'ri-fire-line', 0, NULL, 1, 0, 0, 1, 0, 1, '2025-05-29 23:43:58', '2025-05-29 23:50:08', NULL),
(79, 'taxido::static.vehicles', NULL, NULL, 'taxido', '', 0, 18, 'taxido::static.cab_management', 10, NULL, 'ri-taxi-line', 0, NULL, 1, 0, 0, 1, 0, 1, '2025-05-29 23:43:58', '2025-05-29 23:50:08', NULL),
(80, 'taxido::static.rental_vehicle.rental_vehicles', 'admin.rental-vehicle.index', NULL, 'tx_rental_vehicle', 'rental_vehicle.index', 79, 18, 'taxido::static.cab_management', 64, NULL, 'ri-clock-line', 0, NULL, 1, 1, 0, 1, 0, 1, '2025-05-29 23:43:58', '2025-05-29 23:50:08', NULL),
(81, 'taxido::static.ambulance.ambulances', 'admin.ambulance.index', NULL, 'tx_ambulance', 'ambulance.index', 79, 18, 'taxido::static.cab_management', 65, NULL, 'ri-ambulance-fill', 0, NULL, 1, 1, 0, 1, 0, 1, '2025-05-29 23:43:58', '2025-05-29 23:50:08', NULL),
(82, 'taxido::static.hourly_package.hourly_packages', 'admin.hourly-package.index', NULL, 'tx_hourlyPackage', 'hourly_package.index', 79, 18, 'taxido::static.cab_management', 66, NULL, 'ri-clock-line', 0, NULL, 1, 1, 0, 1, 0, 1, '2025-05-29 23:43:58', '2025-05-29 23:50:08', NULL),
(83, 'taxido::static.documents.documents', 'admin.document.index', NULL, 'tx_documents', 'document.index', 79, 18, 'taxido::static.cab_management', 67, NULL, 'ri-file-line', 0, NULL, 1, 1, 0, 1, 0, 1, '2025-05-29 23:43:58', '2025-05-29 23:50:08', NULL),
(84, 'taxido::static.cancellation-reasons.cancellation-reasons', 'admin.cancellation-reason.index', NULL, 'tx_cancellationReason', 'cancellation_reason.index', 79, 18, 'taxido::static.cab_management', 68, NULL, 'ri-error-warning-line', 0, NULL, 1, 1, 0, 1, 0, 1, '2025-05-29 23:43:58', '2025-05-29 23:50:08', NULL),
(85, 'taxido::static.soses.soses', NULL, NULL, 'tx_sos', 'sos.index', 0, 18, 'taxido::static.cab_management', 11, NULL, 'ri-alarm-warning-line', 0, NULL, 1, 0, 0, 1, 0, 1, '2025-05-29 23:43:58', '2025-05-29 23:50:08', NULL),
(86, 'taxido::static.soses.soses', 'admin.sos.index', NULL, 'tx_soses', 'sos.index', 85, 18, 'taxido::static.cab_management', 69, NULL, 'ri-alert-line', 0, NULL, 1, 1, 0, 1, 0, 1, '2025-05-29 23:43:58', '2025-05-29 23:50:08', NULL),
(87, 'taxido::static.soses.sos_alerts', 'admin.sos-alerts.index', NULL, 'tx_sos_alerts', 'sos_alert.index', 85, 18, 'taxido::static.cab_management', 70, NULL, 'ri-list-check', 0, NULL, 1, 1, 0, 1, 0, 1, '2025-05-29 23:43:58', '2025-05-29 23:50:08', NULL),
(88, 'taxido::static.subscriptions.subscriptions', NULL, NULL, 'tx_subscription', 'plan.index', 0, 18, 'taxido::static.cab_management', 12, NULL, 'ri-vip-crown-line', 0, NULL, 1, 0, 0, 1, 0, 1, '2025-05-29 23:43:58', '2025-05-29 23:50:08', NULL),
(89, 'taxido::static.subscriptions.driver_subscription', 'admin.driver-subscription.index', NULL, 'tx_driverSubscription', 'subscription.index', 88, 18, 'taxido::static.cab_management', 71, NULL, 'ri-file-blank-line', 0, NULL, 1, 1, 0, 1, 0, 1, '2025-05-29 23:43:58', '2025-05-29 23:50:08', NULL),
(90, 'taxido::static.plans.plans', 'admin.plan.index', NULL, 'tx_plans', 'plan.index', 88, 18, 'taxido::static.cab_management', 72, NULL, 'ri-gavel-line', 0, NULL, 1, 1, 0, 1, 0, 1, '2025-05-29 23:43:58', '2025-05-29 23:50:08', NULL),
(91, 'taxido::static.coupons.coupons', 'admin.coupon.index', NULL, 'tx_coupons', 'coupon.index', 0, 18, 'taxido::static.cab_management', 13, NULL, 'ri-coupon-2-line', 0, NULL, 1, 0, 0, 1, 0, 1, '2025-05-29 23:43:58', '2025-05-29 23:50:08', NULL),
(92, 'taxido::static.reports.reports', NULL, NULL, 'tx_reports', 'report.index', 0, 18, 'taxido::static.cab_management', 14, NULL, 'ri-folder-chart-line', 0, NULL, 1, 0, 0, 1, 0, 1, '2025-05-29 23:43:58', '2025-05-29 23:50:08', NULL),
(93, 'taxido::static.reports.transaction_reports', 'admin.transaction-report.index', NULL, 'tx_transaction_reports', 'report.index', 92, 18, 'taxido::static.cab_management', 73, NULL, 'ri-road-line', 0, NULL, 1, 1, 0, 1, 0, 1, '2025-05-29 23:43:58', '2025-05-29 23:50:08', NULL),
(94, 'taxido::static.reports.ride_reports', 'admin.ride-report.index', NULL, 'tx_ride_reports', 'report.index', 92, 18, 'taxido::static.cab_management', 74, NULL, 'ri-traffic-line', 0, NULL, 1, 1, 0, 1, 0, 1, '2025-05-29 23:43:58', '2025-05-29 23:50:08', NULL),
(95, 'taxido::static.reports.driver_reports', 'admin.driver-report.index', NULL, 'tx_driver_reports', 'report.index', 92, 18, 'taxido::static.cab_management', 75, NULL, 'ri-user-line', 0, NULL, 1, 1, 0, 1, 0, 1, '2025-05-29 23:43:58', '2025-05-29 23:50:08', NULL),
(96, 'taxido::static.reports.coupon_reports', 'admin.coupon-report.index', NULL, 'tx_coupon_reports', 'report.index', 92, 18, 'taxido::static.cab_management', 76, NULL, 'ri-road-line', 0, NULL, 1, 1, 0, 1, 0, 1, '2025-05-29 23:43:58', '2025-05-29 23:50:08', NULL),
(97, 'taxido::static.reports.zone_reports', 'admin.zone-report.index', NULL, 'tx_zone_reports', 'report.index', 92, 18, 'taxido::static.cab_management', 77, NULL, 'ri-bar-chart-2-line', 0, NULL, 1, 1, 0, 1, 0, 1, '2025-05-29 23:43:58', '2025-05-29 23:50:08', NULL),
(98, 'taxido::static.reviews.reviews', NULL, NULL, 'tx_reviews', 'driver_review.index', 0, 18, 'taxido::static.cab_management', 14, NULL, 'ri-user-star-line', 0, NULL, 1, 0, 0, 1, 0, 1, '2025-05-29 23:43:58', '2025-05-29 23:50:08', NULL),
(99, 'taxido::static.reviews.rider_reviews', 'admin.rider-review.index', NULL, 'tx_rider_review', 'rider.create', 98, 18, 'taxido::static.cab_management', 78, NULL, 'ri-star-line', 0, NULL, 1, 1, 0, 1, 0, 1, '2025-05-29 23:43:58', '2025-05-29 23:50:08', NULL),
(100, 'taxido::static.reviews.driver_reviews', 'admin.driver-review.index', NULL, 'taxidostaticreviewsdriver-reviews', 'driver_review.index', 98, 18, 'taxido::static.cab_management', 79, NULL, 'ri-star-line', 0, NULL, 1, 1, 0, 1, 0, 1, '2025-05-29 23:43:58', '2025-05-29 23:50:08', NULL),
(101, 'taxido::static.settings.app_settings', 'admin.taxido-setting.index', NULL, 'tx_setting', 'taxido_setting.index', 0, 18, 'taxido::static.cab_management', 16, NULL, 'ri-settings-4-line', 0, NULL, 1, 0, 0, 1, 0, 1, '2025-05-29 23:43:58', '2025-05-29 23:50:08', NULL),
(102, 'taxido::static.rides.rides', NULL, NULL, 'tx_ride', 'ride.index', 0, 18, 'static.home', 10, NULL, 'ri-map-2-line', 0, NULL, 1, 0, 0, 1, 0, 1, '2025-05-29 23:43:58', '2025-05-29 23:50:08', NULL),
(103, 'taxido::static.rides.ride_requests', 'admin.ride-request.index', NULL, 'tx_all_ride_requests', 'ride_request.index', 102, 18, 'static.home', 80, NULL, 'ri-traffic-light-line', 0, NULL, 1, 1, 0, 1, 0, 1, '2025-05-29 23:43:58', '2025-05-29 23:50:08', NULL),
(104, 'taxido::static.rides.all', 'admin.ride.index', NULL, 'tx_all_rides', 'ride.index', 102, 18, 'static.home', 81, NULL, 'ri-traffic-light-line', 0, NULL, 1, 1, 0, 1, 0, 1, '2025-05-29 23:43:58', '2025-05-29 23:50:08', NULL),
(105, 'taxido::static.rides.scheduled', 'admin.ride.status.filter', '{\"status\":\"scheduled\"}', 'tx_scheduled_rides', 'ride.index', 102, 18, 'static.home', 82, NULL, 'ri-traffic-light-line', 0, 1, 1, 1, 0, 1, 0, 1, '2025-05-29 23:43:58', '2025-05-29 23:50:08', NULL),
(106, 'taxido::static.rides.accepted', 'admin.ride.status.filter', '{\"status\":\"accepted\"}', 'tx_accepted_rides', 'ride.index', 102, 18, 'static.home', 83, NULL, 'ri-traffic-light-line', 0, 1, 1, 1, 0, 1, 0, 1, '2025-05-29 23:43:58', '2025-05-29 23:50:08', NULL),
(107, 'taxido::static.rides.arrived', 'admin.ride.status.filter', '{\"status\":\"arrived\"}', 'tx_arrived_rides', 'ride.index', 102, 18, 'static.home', 84, NULL, 'ri-traffic-light-line', 0, 1, 1, 1, 0, 1, 0, 1, '2025-05-29 23:43:58', '2025-05-29 23:50:08', NULL),
(108, 'taxido::static.rides.started', 'admin.ride.status.filter', '{\"status\":\"started\"}', 'tx_started_rides', 'ride.index', 102, 18, 'static.home', 85, NULL, 'ri-traffic-light-line', 0, 1, 1, 1, 0, 1, 0, 1, '2025-05-29 23:43:58', '2025-05-29 23:50:08', NULL),
(109, 'taxido::static.rides.cancelled', 'admin.ride.status.filter', '{\"status\":\"cancelled\"}', 'tx_cancelled_rides', 'ride.index', 102, 18, 'static.home', 86, NULL, 'ri-traffic-light-line', 0, 1, 1, 1, 0, 1, 0, 1, '2025-05-29 23:43:58', '2025-05-29 23:50:08', NULL),
(110, 'taxido::static.rides.completed', 'admin.ride.status.filter', '{\"status\":\"completed\"}', 'tx_completed_rides', 'ride.index', 102, 18, 'static.home', 87, NULL, 'ri-traffic-light-line', 0, 1, 1, 1, 0, 1, 0, 1, '2025-05-29 23:43:58', '2025-05-29 23:50:08', NULL),
(111, 'taxido::static.banners.banners', 'admin.banner.index', NULL, 'tx_banners', 'banner.index', 0, 18, 'static.promotion_management', 88, NULL, 'ri-todo-line', 0, NULL, 1, 0, 0, 1, 0, 1, '2025-05-29 23:43:59', '2025-05-29 23:50:08', NULL),
(112, 'taxido::static.onboardings.onboardings', 'admin.onboarding.index', NULL, 'tx_onboardings', 'onboarding.index', 0, 18, 'static.promotion_management', 89, NULL, 'ri-guide-line', 0, NULL, 1, 0, 0, 1, 0, 1, '2025-05-29 23:43:59', '2025-05-29 23:50:08', NULL),
(113, 'taxido::static.push_notification.push_notification', NULL, NULL, 'tx_pushNotification', 'push_notification.index', 0, 18, 'static.promotion_management', 11, NULL, 'ri-send-plane-line', 0, NULL, 1, 0, 0, 1, 0, 1, '2025-05-29 23:43:59', '2025-05-29 23:50:08', NULL),
(114, 'taxido::static.push_notification.all', 'admin.push-notification.index', NULL, 'tx_all_pushNotification', 'push_notification.index', 113, 18, 'static.promotion_management', 90, NULL, 'ri-notification-2-line', 0, NULL, 1, 1, 0, 1, 0, 1, '2025-05-29 23:43:59', '2025-05-29 23:50:08', NULL),
(115, 'taxido::static.push_notification.send', 'admin.push-notification.create', NULL, 'tx_send_pushNotification', 'push_notification.create', 113, 18, 'static.promotion_management', 91, NULL, 'ri-send-plane-line', 0, NULL, 1, 1, 0, 1, 0, 1, '2025-05-29 23:43:59', '2025-05-29 23:50:08', NULL),
(116, 'taxido::static.chats.chats', 'admin.chat.index', NULL, 'tx_chat', 'chat.index', 0, 18, 'static.home', 4, NULL, 'ri-chat-1-line', 0, NULL, 1, 0, 0, 1, 0, 1, '2025-05-29 23:43:59', '2025-05-29 23:50:08', NULL),
(117, 'ticket::static.ticket.support_ticket', NULL, NULL, 'ticket', 'ticket.ticket.index', 0, 19, 'ticket::static.section', 11, NULL, 'ri-user-voice-line', 0, NULL, 1, 0, 0, 1, 0, 1, '2025-05-29 23:43:59', '2025-05-29 23:50:08', NULL),
(118, 'ticket::static.ticket.dashboard', 'admin.ticket.dashboard', NULL, 'tc_ticket_dashboard', 'ticket.ticket.index', 117, 19, 'ticket::static.section', 12, NULL, 'ri-group-line', 0, NULL, 1, 1, 0, 1, 0, 1, '2025-05-29 23:43:59', '2025-05-29 23:50:08', NULL),
(119, 'ticket::static.ticket.all', 'admin.ticket.index', NULL, 'tc_ticket', 'ticket.ticket.index', 117, 19, 'ticket::static.section', 92, NULL, 'ri-group-line', 0, NULL, 1, 1, 0, 1, 0, 1, '2025-05-29 23:43:59', '2025-05-29 23:50:08', NULL),
(120, 'ticket::static.executive.all_support_executive', 'admin.executive.index', NULL, 'tc_all_executives', 'ticket.executive.index', 117, 19, 'ticket::static.section', 93, NULL, 'ri-team-line', 0, NULL, 1, 1, 0, 1, 0, 1, '2025-05-29 23:43:59', '2025-05-29 23:50:08', NULL),
(121, 'ticket::static.ticket.status', 'admin.status.index', NULL, 'tc_status', 'ticket.status.index', 117, 19, 'ticket::static.section', 94, NULL, 'ri-group-line', 0, NULL, 1, 1, 0, 1, 0, 1, '2025-05-29 23:43:59', '2025-05-29 23:50:08', NULL),
(122, 'ticket::static.priority.priority', 'admin.priority.index', NULL, 'tc_priority', 'ticket.priority.index', 117, 19, 'ticket::static.section', 95, NULL, 'ri-group-line', 0, NULL, 1, 1, 0, 1, 0, 1, '2025-05-29 23:43:59', '2025-05-29 23:50:08', NULL),
(123, 'ticket::static.knowledge.knowledge', NULL, NULL, 'tc_knowledge', 'ticket.knowledge.index', 0, 19, 'ticket::static.section', 13, NULL, 'ri-git-repository-line', 0, NULL, 1, 0, 0, 1, 0, 1, '2025-05-29 23:43:59', '2025-05-29 23:50:08', NULL),
(124, 'ticket::static.knowledge.all', 'admin.knowledge.index', NULL, 'tc_all_knowledge', 'ticket.knowledge.index', 123, 19, 'ticket::static.section', 96, NULL, 'ri-team-line', 0, NULL, 1, 1, 0, 1, 0, 1, '2025-05-29 23:43:59', '2025-05-29 23:50:08', NULL),
(125, 'ticket::static.knowledge.add', 'admin.knowledge.create', NULL, 'tc_knowledge_create', 'ticket.knowledge.create', 123, 19, 'ticket::static.section', 97, NULL, 'ri-id-card-line', 0, NULL, 1, 1, 0, 1, 0, 1, '2025-05-29 23:43:59', '2025-05-29 23:50:08', NULL),
(126, 'ticket::static.knowledge.categories', 'admin.ticket.category.index', NULL, 'tc_category', 'ticket.category.index', 123, 19, 'ticket::static.section', 98, NULL, 'ri-id-card-line', 0, NULL, 1, 1, 0, 1, 0, 1, '2025-05-29 23:43:59', '2025-05-29 23:50:08', NULL),
(127, 'ticket::static.knowledge.tags', 'admin.ticket.tag.index', NULL, 'tc_tag', 'ticket.tag.index', 123, 19, 'ticket::static.section', 99, NULL, 'ri-id-card-line', 0, NULL, 1, 1, 0, 1, 0, 1, '2025-05-29 23:43:59', '2025-05-29 23:50:08', NULL),
(128, 'ticket::static.department.department', 'admin.department.index', NULL, 'tc_department', 'ticket.department.index', 117, 19, 'ticket::static.section', 100, NULL, 'ri-group-line', 0, NULL, 1, 1, 0, 1, 0, 1, '2025-05-29 23:43:59', '2025-05-29 23:50:08', NULL),
(129, 'ticket::static.formfield.formfield', 'admin.formfield.index', NULL, 'tc_formfield', 'ticket.formfield.index', 117, 19, 'ticket::static.section', 101, NULL, 'ri-group-line', 0, NULL, 1, 1, 0, 1, 0, 1, '2025-05-29 23:43:59', '2025-05-29 23:50:08', NULL),
(130, 'ticket::static.setting.settings', 'admin.ticket.setting.index', NULL, 'tc_setting', 'ticket.setting.index', 117, 19, 'ticket::static.section', 102, NULL, 'ri-group-line', 0, NULL, 1, 1, 0, 1, 0, 1, '2025-05-29 23:43:59', '2025-05-29 23:50:08', NULL);


ALTER TABLE `ride_requests` ADD `ambulance_id` INT NULL AFTER `id`;
ALTER TABLE `rides` ADD `ambulance_id` INT NULL AFTER `id`;
ALTER TABLE `rides` ADD `assign_type` LONGTEXT NULL AFTER `rental_vehicle_id`;

ALTER TABLE payment_gateways_transactions
ADD COLUMN request_type ENUM('web', 'api') DEFAULT 'api' NULL;
ALTER TABLE `users` CHANGE `name` `name` VARCHAR(255) CHARACTER SET utf8mb4 COLLATE utf8mb4_unicode_ci NULL;

ALTER TABLE rental_vehicles
MODIFY COLUMN allow_with_driver INT DEFAULT 1 NULL,
MODIFY COLUMN driver_per_day_charge DECIMAL(8,2) DEFAULT 0.0 NULL;


TRUNCATE TABLE `landing_pages`;
INSERT INTO `landing_pages` (`content`, `created_at`, `updated_at`)
VALUES (
    '{
        "en": {
            "_token": "S2rJDFVcPGkaMV3Or7vzZomQQn2o44xq9V18kxmv",
            "_method": "PUT",
            "header": {
                "menus": ["Home", "Why Taxido?", "How It Works", "FAQs", "Blogs", "Testimonials", "Raise Ticket"],
                "btn_text": "Book Now",
                "status": "1",
                "logo": "/storage/754/dark.svg"
            },
            "home": {
                "title": "Ride with Comfort, Drive with Confidence",
                "description": "Where comfort meets confidenceride with ease, drive with pride, and let us handle the rest, ensuring every journey is safe, reliable, and truly unforgettable.",
                "status": "1",
                "button": [
                    {
                        "text": "User App",
                        "type": "gradient",
                        "url": null
                    },
                    {
                        "text": "Driver App",
                        "type": "outline",
                        "url": null
                    }
                ],
                "bg_image": "",
                "left_phone_image": "/storage/773/Phone-2.png",
                "right_phone_image": "/storage/803/Phone-1.png"
            },
            "statistics": {
                "title": "Driving Success Together",
                "description": "From countless completed rides to a thriving network of users and drivers, our journey is defined by excellence and customer satisfaction.",
                "status": "1",
                "counters": [
                    {
                        "text": "Completed Rides",
                        "description": "Delivering trusted rides for countless happy Riders daily.",
                        "count": "100000",
                        "icon": "/storage/144/ride.svg"
                    },
                    {
                        "text": "Active Users",
                        "description": "Connecting with thousands who trust us for reliable rides.",
                        "count": "50000",
                        "icon": "/storage/146/user.svg"
                    },
                    {
                        "text": "Active Drivers",
                        "description": "Dedicated drivers ensuring safe, timely, and comfortable rides.",
                        "count": "30000",
                        "icon": "/storage/148/driver.svg"
                    },
                    {
                        "text": "Customer Rating",
                        "description": "Positive ratings that reflect trust and service excellence.",
                        "count": "4.9",
                        "icon": "/storage/150/rating.svg"
                    }
                ]
            },
            "feature": {
                "title": "Why Taxido Stands Out as Your Go-To Ride Option",
                "description": "With Taxido, enjoy affordable rates, safe journeys, and a user-friendly platform that makes travel easier and more enjoyable than ever before.",
                "status": "1",
                "images": [
                    {
                        "title": "Track Your Driver Live",
                        "description": "Stay updated on your drivers location every moment.",
                        "image": "/storage/152/map.gif"
                    },
                    {
                        "title": "Flexible Vehicle Rentals",
                        "description": "Choose and rent vehicles tailored to your specific needs.",
                        "image": "/storage/154/rent-vehicles.gif"
                    },
                    {
                        "title": "Bidding Simplified",
                        "description": "Accept or reject bids effortlessly for complete booking control.",
                        "image": "/storage/156/booking-request.gif"
                    },
                    {
                        "title": "Convenient Hourly Packages",
                        "description": "Access services in your preferred language without barriers.",
                        "image": "/storage/158/package.gif"
                    },
                    {
                        "title": "Language Options for Everyone",
                        "description": "Access services in your preferred language without barriers.",
                        "image": "/storage/160/language.gif"
                    },
                    {
                        "title": "Secure Payment Choices",
                        "description": "Multiple secure payment options to fit your preference.",
                        "image": "/storage/162/payment.gif"
                    }
                ]
            },
            "ride": {
                "title": "How Taxido Makes Your Ride Easy",
                "description": "Get started in just a few simple steps. Choose your ride, track your driver, and enjoy a smooth, hassle-free journey with Taxido..",
                "status": "1",
                "step": [
                    {
                        "title": "Choose Your Ride",
                        "description": "Select the perfect vehicle for your journey based on your needs and preferences.",
                        "image": "/storage/801/home-screen.png"
                    },
                    {
                        "title": "Set Your Pickup Location",
                        "description": "Enter your pickup location and let us know where youd like to be picked up.",
                        "image": "/storage/758/locations.png"
                    },
                    {
                        "title": "Find Your Driver",
                        "description": "Get paired with a nearby driver and track their location in real-time..",
                        "image": "/storage/760/vehicles.png"
                    },
                    {
                        "title": "Complete Your Payment",
                        "description": "Pay securely using your preferred payment option through our multi-gateway support.",
                        "image": "/storage/762/payout.png"
                    },
                    {
                        "title": "Rate Your Experience",
                        "description": "Share your feedback to help us improve and enhance your future rides.",
                        "image": "/storage/764/rating.png"
                    }
                ]
            },
            "blog": {
                "title": "Stay Updated with Taxido",
                "sub_title": "Be the first to know about exciting offers, latest updates, and helpful travel tips from Taxido. Stay informed and make the most out of your rides with insights and announcements tailored just for you.",
                "blogs": ["1", "2", "3", "4", "5", "6", "7", "8", "9"],
                "status": "1"
            },
            "testimonial": {
                "title": "What Our Users Say",
                "sub_title": "Real stories from our satisfied users. Taxido is transforming the way people commute, providing safe, reliable, and convenient rides.",
                "testimonials": ["1", "2", "3", "4", "5", "6", "7", "8", "9", "10"],
                "status": "1"
            },
            "faq": {
                "title": "Frequently Asked Questions",
                "sub_title": "Got questions? Explore our FAQs for quick answers about Taxido''s features, services, and app usage. Booking a ride, scheduling, or exploring services? Find all the answers here.",
                "faqs": ["1", "2", "3", "4", "5", "6", "7", "8"],
                "status": "1"
            },
            "footer": {
                "description": "Get started in minuteschoose your ride, track your driver, and enjoy a hassle-free journey with Taxido!",
                "newsletter": {
                    "label": "Subscribe our Newsletter",
                    "button_text": "Subscribe",
                    "placeholder": "Enter email address"
                },
                "app_store_url": "https://play.google.com/store/games?hl=en",
                "play_store_url": "https://www.apple.com/in/app-store/",
                "copyright": " Taxido All Rights & Reserves -",
                "social": {
                    "facebook": null,
                    "google": null,
                    "instagram": null,
                    "twitter": null,
                    "whatsapp": null,
                    "linkedin": null
                },
                "status": "1",
                "footer_logo": "/storage/647/dark.svg",
                "right_image": "/storage/142/footer-img.webp"
            },
            "seo": {
                "meta_title": "Taxido - Your Reliable Ride-Hailing Partner",
                "meta_description": "Experience seamless and convenient transportation with Taxido. Book your ride easily and get to your destination safely with our reliable and efficient ride-hailing service.",
                "meta_tags": "taxido, ride-hailing, taxi service, transportation, car service, book a ride, city transport, ride sharing, reliable taxi, on-demand rides.",
                "og_title": "Taxido - The Future of Convenient Transportation",
                "og_description": "Discover Taxido, your ultimate ride-hailing solution. Enjoy fast, safe, and reliable transportation at your fingertips. Download our app today for a seamless travel experience.",
                "meta_image": "/front/images/logo.svg"
            },
            "analytics": {
                "pixel_id": "XXXXXXXXXXXXX",
                "measurement_id": "UA-XXXXXX-XX",
                "pixel_status": "1",
                "tag_id": "XXXXXXXXXXXXX",
                "tag_id_status": "0",
                "tawk_to_property_id": "67d8fe867a4f781911920f32"
            },
            "cookie": {
                "title": null,
                "description": null,
                "content": null
            },
            "undefined": "1"
        },
        "fr": {
            "_token": "S2rJDFVcPGkaMV3Or7vzZomQQn2o44xq9V18kxmv",
            "_method": "PUT",
            "header": {
                "menus": ["Home", "Why Taxido?", "How It Works", "FAQs", "Blogs", "Testimonials", "Raise Ticket"],
                "btn_text": "Ouvrir un ticket",
                "status": "1",
                "logo": "/storage/754/dark.svg"
            },
            "home": {
                "title": "Voyagez avec confort, conduisez avec confiance",
                "description": "L o le confort rencontre la confiancevoyagez en toute simplicit, conduisez avec fiert, et laissez-nous nous occuper du reste, en veillant  ce que chaque voyage soit sr, fiable et vraiment inoubliable.",
                "status": "1",
                "button": [
                    {
                        "text": "Application Utilisateur",
                        "type": "gradient",
                        "url": null
                    },
                    {
                        "text": "Application Conducteur",
                        "type": "outline",
                        "url": null
                    }
                ],
                "bg_image": "",
                "left_phone_image": "/storage/773/Phone-2.png",
                "right_phone_image": "/storage/803/Phone-1.png"
            },
            "statistics": {
                "title": "Conduire le succs ensemble",
                "description": "De nombreux trajets effectus  un rseau florissant d''utilisateurs et de conducteurs, notre voyage est dfini par l''excellence et la satisfaction client.",
                "status": "1",
                "counters": [
                    {
                        "text": "Trajets effectus",
                        "description": "Offrir des trajets de confiance  d''innombrables passagers heureux quotidiennement.",
                        "count": "100000",
                        "icon": "/storage/144/ride.svg"
                    },
                    {
                        "text": "Utilisateurs actifs",
                        "description": "Connecter des milliers de personnes qui nous font confiance pour des trajets fiables.",
                        "count": "50000",
                        "icon": "/storage/146/user.svg"
                    },
                    {
                        "text": "Conducteurs actifs",
                        "description": "Des conducteurs dvous assurant des trajets srs, ponctuels et confortables.",
                        "count": "30000",
                        "icon": "/storage/148/driver.svg"
                    },
                    {
                        "text": "valuation des clients",
                        "description": "Des valuations positives qui refltent la confiance et l''excellence du service.",
                        "count": "4.9",
                        "icon": "/storage/150/rating.svg"
                    }
                ]
            },
            "feature": {
                "title": "Pourquoi Taxido se distingue comme votre option de trajet prfre",
                "description": "Avec Taxido, profitez de tarifs abordables, de voyages srs et d''une plateforme conviviale qui rend les dplacements plus faciles et plus agrables que jamais.",
                "status": "1",
                "images": [
                    {
                        "title": "Suivez votre conducteur en direct",
                        "description": "Restez inform de la localisation de votre conducteur  tout moment.",
                        "image": "/storage/152/map.gif"
                    },
                    {
                        "title": "Location de vhicules flexible",
                        "description": "Choisissez et louez des vhicules adapts  vos besoins spcifiques.",
                        "image": "/storage/154/rent-vehicles.gif"
                    },
                    {
                        "title": "Enchres simplifies",
                        "description": "Acceptez ou refusez les offres sans effort pour un contrle total de votre rservation.",
                        "image": "/storage/156/booking-request.gif"
                    },
                    {
                        "title": "Forfaits horaires pratiques",
                        "description": "Accdez aux services dans votre langue prfre sans barrires.",
                        "image": "/storage/158/package.gif"
                    },
                    {
                        "title": "Options de langue pour tous",
                        "description": "Accdez aux services dans votre langue prfre sans barrires.",
                        "image": "/storage/160/language.gif"
                    },
                    {
                        "title": "Choix de paiement scuriss",
                        "description": "Plusieurs options de paiement scurises pour rpondre  vos prfrences.",
                        "image": "/storage/162/payment.gif"
                    }
                ]
            },
            "ride": {
                "title": "Comment Taxido facilite votre trajet",
                "description": "Commencez en quelques tapes simples. Choisissez votre trajet, suivez votre conducteur et profitez d''un voyage fluide et sans tracas avec Taxido.",
                "status": "1",
                "step": [
                    {
                        "title": "Choisissez votre trajet",
                        "description": "Slectionnez le vhicule parfait pour votre voyage en fonction de vos besoins et prfrences.",
                        "image": "/storage/801/home-screen.png"
                    },
                    {
                        "title": "Dfinissez votre lieu de prise en charge",
                        "description": "Entrez votre lieu de prise en charge et indiquez-nous o vous souhaitez tre pris en charge.",
                        "image": "/storage/758/locations.png"
                    },
                    {
                        "title": "Trouvez votre conducteur",
                        "description": "Soyez jumel  un conducteur  proximit et suivez sa localisation en temps rel.",
                        "image": "/storage/760/vehicles.png"
                    },
                    {
                        "title": "Finalisez votre paiement",
                        "description": "Payez en toute scurit en utilisant votre option de paiement prfre grce  notre support multi-passerelles.",
                        "image": "/storage/762/payout.png"
                    },
                    {
                        "title": "valuez votre exprience",
                        "description": "Partagez vos commentaires pour nous aider  amliorer et enrichir vos futurs trajets.",
                        "image": "/storage/764/rating.png"
                    }
                ]
            },
            "blog": {
                "title": "Restez inform avec Taxido",
                "sub_title": "Soyez le premier  connatre les offres passionnantes, les dernires mises  jour et les conseils de voyage utiles de Taxido. Restez inform et profitez au maximum de vos trajets avec des informations et des annonces adaptes spcialement pour vous.",
                "blogs": ["1", "2", "3", "4", "5", "6", "7", "8", "9"],
                "status": "1"
            },
            "testimonial": {
                "title": "Ce que disent nos utilisateurs",
                "sub_title": "Des histoires relles de nos utilisateurs satisfaits. Taxido transforme la faon dont les gens se dplacent, en offrant des trajets srs, fiables et pratiques.",
                "testimonials": ["1", "2", "3", "4", "5", "6", "7", "8", "9", "10"],
                "status": "1"
            },
            "faq": {
                "title": "Foire aux questions",
                "sub_title": "Des questions ? Explorez notre FAQ pour des rponses rapides sur les fonctionnalits, services et utilisation de l''application Taxido. Rserver un trajet, planifier ou explorer des services ? Trouvez toutes les rponses ici.",
                "faqs": ["1", "2", "3", "4", "5", "6", "7", "8"],
                "status": "1"
            },
            "footer": {
                "description": "Commencez en quelques minuteschoisissez votre trajet, suivez votre conducteur et profitez d''un voyage sans tracas avec Taxido !",
                "newsletter": {
                    "label": "Abonnez-vous  notre newsletter",
                    "button_text": "S''abonner",
                    "placeholder": "Entrez votre adresse e-mail"
                },
                "app_store_url": "https://play.google.com/store/games?hl=en",
                "play_store_url": "https://www.apple.com/in/app-store/",
                "copyright": " Taxido Tous droits rservs -",
                "social": {
                    "facebook": null,
                    "google": null,
                    "instagram": null,
                    "twitter": null,
                    "whatsapp": null,
                    "linkedin": null
                },
                "status": "1",
                "footer_logo": "/storage/647/dark.svg",
                "right_image": "/storage/142/footer-img.webp"
            },
            "seo": {
                "meta_title": "Taxido - Votre partenaire fiable de transport",
                "meta_description": "Vivez une exprience de transport fluide et pratique avec Taxido. Rservez facilement votre trajet et arrivez  destination en toute scurit avec notre service de transport fiable et efficace.",
                "meta_tags": "taxido, ride-hailing, service de taxi, transport, service de voiture, rserver un trajet, transport urbain, covoiturage, taxi fiable, trajets  la demande.",
                "og_title": "Taxido - L''avenir des transports pratiques",
                "og_description": "Dcouvrez Taxido, votre solution ultime de transport. Profitez de transports rapides, srs et fiables  porte de main. Tlchargez notre application ds aujourd''hui pour une exprience de voyage fluide.",
                "meta_image": "/front/images/logo.svg"
            },
            "analytics": {
                "pixel_id": "XXXXXXXXXXXXX",
                "measurement_id": "UA-XXXXXX-XX",
                "pixel_status": "1",
                "tag_id": "XXXXXXXXXXXXX",
                "tag_id_status": "0",
                "tawk_to_property_id": "67d8fe867a4f781911920f32"
            },
            "cookie": {
                "title": null,
                "description": null,
                "content": null
            },
            "undefined": "1"
        },
        "de": {
            "_token": "lbDJgnXZ3muJ5ZzALfItAtuc6Jh0DdOvxyAW2vWx",
            "_method": "PUT",
            "header": {
                "menus": ["Home", "Warum Taxido?", "Wie es funktioniert", "FAQs", "Blogs", "Erfahrungsberichte"],
                "btn_text": "Ticket erstellen",
                "status": "1",
                "logo": "/storage/754/dark.svg"
            },
            "home": {
                "title": "Fahren Sie mit Komfort, fahren Sie mit Selbstvertrauen",
                "description": "Wo Komfort auf Selbstvertrauen trifftfahren Sie mit Leichtigkeit, fahren Sie mit Stolz und berlassen Sie uns den Rest, um sicherzustellen, dass jede Reise sicher, zuverlssig und wirklich unvergesslich ist.",
                "status": "1",
                "button": [
                    {
                        "text": "Benutzer-App",
                        "type": "gradient",
                        "url": null
                    },
                    {
                        "text": "Fahrer-App",
                        "type": "outline",
                        "url": null
                    }
                ],
                "left_phone_image": "/storage/773/Phone-2.png",
                "right_phone_image": "/storage/803/Phone-1.png",
                "bg_image": ""
            },
            "statistics": {
                "title": "Gemeinsam Erfolg fahren",
                "description": "Von unzhligen abgeschlossenen Fahrten zu einem florierenden Netzwerk von Nutzern und Fahrernunsere Reise ist geprgt von Exzellenz und Kundenzufriedenheit.",
                "status": "1",
                "counters": [
                    {
                        "text": "Abgeschlossene Fahrten",
                        "description": "Tglich vertrauenswrdige Fahrten fr unzhlige glckliche Fahrgste.",
                        "count": "100000",
                        "icon": "/storage/144/ride.svg"
                    },
                    {
                        "text": "Aktive Nutzer",
                        "description": "Verbinden Sie sich mit Tausenden, die uns fr zuverlssige Fahrten vertrauen.",
                        "count": "50000",
                        "icon": "/storage/146/user.svg"
                    },
                    {
                        "text": "Aktive Fahrer",
                        "description": "Engagierte Fahrer, die sichere, pnktliche und komfortable Fahrten gewhrleisten.",
                        "count": "30000",
                        "icon": "/storage/148/driver.svg"
                    },
                    {
                        "text": "Kundenbewertung",
                        "description": "Positive Bewertungen, die Vertrauen und Servicequalitt widerspiegeln.",
                        "count": "4.9",
                        "icon": "/storage/150/rating.svg"
                    }
                ]
            },
            "feature": {
                "title": "Warum Taxido Ihre bevorzugte Fahrtoption ist",
                "description": "Mit Taxido genieen Sie gnstige Preise, sichere Fahrten und eine benutzerfreundliche Plattform, die das Reisen einfacher und angenehmer macht als je zuvor.",
                "status": "1",
                "images": [
                    {
                        "title": "Verfolgen Sie Ihren Fahrer live",
                        "description": "Bleiben Sie ber den Standort Ihres Fahrers auf dem Laufenden.",
                        "image": "/storage/152/map.gif"
                    },
                    {
                        "title": "Flexible Fahrzeugvermietung",
                        "description": "Whlen und mieten Sie Fahrzeuge, die auf Ihre spezifischen Bedrfnisse zugeschnitten sind.",
                        "image": "/storage/154/rent-vehicles.gif"
                    },
                    {
                        "title": "Bietverfahren vereinfacht",
                        "description": "Akzeptieren oder lehnen Sie Gebote mhelos ab, um die vollstndige Kontrolle ber Ihre Buchung zu haben.",
                        "image": "/storage/156/booking-request.gif"
                    },
                    {
                        "title": "Praktische Stundenpakete",
                        "description": "Greifen Sie auf Dienstleistungen in Ihrer bevorzugten Sprache ohne Barrieren zu.",
                        "image": "/storage/158/package.gif"
                    },
                    {
                        "title": "Sprachoptionen fr jeden",
                        "description": "Greifen Sie auf Dienstleistungen in Ihrer bevorzugten Sprache ohne Barrieren zu.",
                        "image": "/storage/160/language.gif"
                    },
                    {
                        "title": "Sichere Zahlungsmglichkeiten",
                        "description": "Mehrere sichere Zahlungsoptionen, die Ihren Vorlieben entsprechen.",
                        "image": "/storage/162/payment.gif"
                    }
                ]
            },
            "ride": {
                "title": "Wie Taxido Ihre Fahrt erleichtert",
                "description": "Starten Sie in wenigen einfachen Schritten. Whlen Sie Ihre Fahrt, verfolgen Sie Ihren Fahrer und genieen Sie eine reibungslose, stressfreie Fahrt mit Taxido.",
                "status": "1",
                "step": [
                    {
                        "title": "Whlen Sie Ihre Fahrt",
                        "description": "Whlen Sie das perfekte Fahrzeug fr Ihre Reise basierend auf Ihren Bedrfnissen und Vorlieben.",
                        "image": "/storage/756/home-screen.png"
                    },
                    {
                        "title": "Legen Sie Ihren Abholort fest",
                        "description": "Geben Sie Ihren Abholort ein und teilen Sie uns mit, wo Sie abgeholt werden mchten.",
                        "image": "/storage/758/locations.png"
                    },
                    {
                        "title": "Finden Sie Ihren Fahrer",
                        "description": "Werden Sie mit einem Fahrer in Ihrer Nhe verbunden und verfolgen Sie dessen Standort in Echtzeit.",
                        "image": "/storage/760/vehicles.png"
                    },
                    {
                        "title": "Schlieen Sie Ihre Zahlung ab",
                        "description": "Bezahlen Sie sicher mit Ihrer bevorzugten Zahlungsmethode ber unsere Multi-Gateway-Untersttzung.",
                        "image": "/storage/762/payout.png"
                    },
                    {
                        "title": "Bewerten Sie Ihre Erfahrung",
                        "description": "Teilen Sie Ihr Feedback, um uns zu helfen, Ihre zuknftigen Fahrten zu verbessern und zu bereichern.",
                        "image": "/storage/764/rating.png"
                    }
                ]
            },
            "blog": {
                "title": "Bleiben Sie mit Taxido auf dem Laufenden",
                "sub_title": "Seien Sie der Erste, der spannende Angebote, die neuesten Updates und hilfreiche Reisetipps von Taxido erfhrt. Bleiben Sie informiert und machen Sie das Beste aus Ihren Fahrten mit mageschneiderten Einblicken und Ankndigungen.",
                "blogs": ["1", "2", "3", "4", "5", "6", "7", "8", "9"],
                "status": "1"
            },
            "testimonial": {
                "title": "Was unsere Nutzer sagen",
                "sub_title": "Echte Geschichten von unseren zufriedenen Nutzern. Taxido verndert die Art und Weise, wie Menschen pendeln, und bietet sichere, zuverlssige und bequeme Fahrten.",
                "testimonials": ["1", "2", "3", "4", "5", "6", "7", "8", "9", "10"],
                "status": "1"
            },
            "faq": {
                "title": "Hufig gestellte Fragen",
                "sub_title": "Haben Sie Fragen? Durchsuchen Sie unsere FAQs fr schnelle Antworten zu den Funktionen, Dienstleistungen und der Nutzung der Taxido-App. Eine Fahrt buchen, planen oder Dienstleistungen erkunden? Hier finden Sie alle Antworten.",
                "faqs": ["1", "2", "3", "4", "5", "6", "7", "8"],
                "status": "1"
            },
            "footer": {
                "description": "Starten Sie in wenigen Minutenwhlen Sie Ihre Fahrt, verfolgen Sie Ihren Fahrer und genieen Sie eine stressfreie Fahrt mit Taxido!",
                "newsletter": {
                    "label": "Abonnieren Sie unseren Newsletter",
                    "button_text": "Abonnieren",
                    "placeholder": "Geben Sie Ihre E-Mail-Adresse ein"
                },
                "quick_links": ["Home", "Warum Taxido?", "Wie es funktioniert", "FAQs", "Blogs", "Erfahrungsberichte"],
                "app_store_url": "https://play.google.com/store/games?hl=en",
                "play_store_url": "https://www.apple.com/in/app-store/",
                "copyright": " Taxido Alle Rechte vorbehalten -",
                "social": {
                    "facebook": null,
                    "google": null,
                    "instagram": null,
                    "twitter": null,
                    "whatsapp": null,
                    "linkedin": null
                },
                "status": "1",
                "footer_logo": "/storage/647/dark.svg",
                "right_image": "/storage/142/footer-img.webp"
            },
            "seo": {
                "meta_title": "Taxido - Ihr zuverlssiger Ride-Hailing-Partner",
                "meta_description": "Erleben Sie nahtlosen und bequemen Transport mit Taxido. Buchen Sie Ihre Fahrt einfach und kommen Sie sicher an Ihr Ziel mit unserem zuverlssigen und effizienten Ride-Hailing-Service.",
                "meta_tags": "taxido, ride-hailing, Taxiservice, Transport, Autoservice, Fahrt buchen, Stadtverkehr, Mitfahrgelegenheit, zuverlssiges Taxi, On-Demand-Fahrten.",
                "og_title": "Taxido - Die Zukunft des bequemen Transports",
                "og_description": "Entdecken Sie Taxido, Ihre ultimative Ride-Hailing-Lsung. Genieen Sie schnellen, sicheren und zuverlssigen Transport. Laden Sie unsere App noch heute herunter fr ein nahtloses Reiseerlebnis.",
                "meta_image": "/front/images/logo.svg"
            },
            "analytics": {
                "pixel_id": "XXXXXXXXXXXXX",
                "measurement_id": "UA-XXXXXX-XX",
                "pixel_status": "1",
                "tag_id": "XXXXXXXXXXXXX",
                "tag_id_status": "0",
                "tawk_to_property_id": "67d8fe867a4f781911920f32"
            },
            "cookie": {
                "title": null,
                "description": null,
                "content": null
            }
        },
        "ar": {
            "_token": "S2rJDFVcPGkaMV3Or7vzZomQQn2o44xq9V18kxmv",
            "_method": "PUT",
            "header": {
                "menus": ["Home", "Why Taxido?", "How It Works", "FAQs", "Blogs", "Testimonials", "Raise Ticket"],
                "btn_text": " ",
                "status": "1",
                "logo": "/storage/754/dark.svg"
            },
            "home": {
                "title": "   ",
                "description": "                    .",
                "status": "1",
                "button": [
                    {
                        "text": " ",
                        "type": "gradient",
                        "url": null
                    },
                    {
                        "text": " ",
                        "type": "outline",
                        "url": null
                    }
                ],
                "bg_image": "",
                "left_phone_image": "/storage/773/Phone-2.png",
                "right_phone_image": "/storage/803/Phone-1.png"
            },
            "statistics": {
                "title": "  ",
                "description": "                  .",
                "status": "1",
                "counters": [
                    {
                        "text": " ",
                        "description": "         .",
                        "count": "100000",
                        "icon": "/storage/144/ride.svg"
                    },
                    {
                        "text": " ",
                        "description": "       .",
                        "count": "50000",
                        "icon": "/storage/146/user.svg"
                    },
                    {
                        "text": " ",
                        "description": "        .",
                        "count": "30000",
                        "icon": "/storage/148/driver.svg"
                    },
                    {
                        "text": " ",
                        "description": "     .",
                        "count": "4.9",
                        "icon": "/storage/150/rating.svg"
                    }
                ]
            },
            "feature": {
                "title": " Taxido    ",
                "description": " Taxido                 .",
                "status": "1",
                "images": [
                    {
                        "title": "  ",
                        "description": "       .",
                        "image": "/storage/152/map.gif"
                    },
                    {
                        "title": "  ",
                        "description": "     .",
                        "image": "/storage/154/rent-vehicles.gif"
                    },
                    {
                        "title": " ",
                        "description": "        .",
                        "image": "/storage/156/booking-request.gif"
                    },
                    {
                        "title": "  ",
                        "description": "      .",
                        "image": "/storage/158/package.gif"
                    },
                    {
                        "title": "  ",
                        "description": "      .",
                        "image": "/storage/160/language.gif"
                    },
                    {
                        "title": "  ",
                        "description": "     .",
                        "image": "/storage/162/payment.gif"
                    }
                ]
            },
            "ride": {
                "title": "  Taxido  ",
                "description": "    .            Taxido.",
                "status": "1",
                "step": [
                    {
                        "title": " ",
                        "description": "       .",
                        "image": "/storage/801/home-screen.png"
                    },
                    {
                        "title": "  ",
                        "description": "        .",
                        "image": "/storage/758/locations.png"
                    },
                    {
                        "title": "  ",
                        "description": "        .",
                        "image": "/storage/760/vehicles.png"
                    },
                    {
                        "title": " ",
                        "description": "           .",
                        "image": "/storage/762/payout.png"
                    },
                    {
                        "title": " ",
                        "description": "       .",
                        "image": "/storage/764/rating.png"
                    }
                ]
            },
            "blog": {
                "title": "    Taxido",
                "sub_title": "             Taxido.               .",
                "blogs": ["1", "2", "3", "4", "5", "6", "7", "8", "9"],
                "status": "1"
            },
            "testimonial": {
                "title": "  ",
                "sub_title": "    . Taxido           .",
                "testimonials": ["1", "2", "3", "4", "5", "6", "7", "8", "9", "10"],
                "status": "1"
            },
            "faq": {
                "title": " ",
                "sub_title": "            Taxido   .          .",
                "faqs": ["1", "2", "3", "4", "5", "6", "7", "8"],
                "status": "1"
            },
            "footer": {
                "description": "            Taxido!",
                "newsletter": {
                    "label": "   ",
                    "button_text": "",
                    "placeholder": "   "
                },
                "app_store_url": "https://play.google.com/store/games?hl=en",
                "play_store_url": "https://www.apple.com/in/app-store/",
                "copyright": " Taxido    -",
                "social": {
                    "facebook": null,
                    "google": null,
                    "instagram": null,
                    "twitter": null,
                    "whatsapp": null,
                    "linkedin": null
                },
                "status": "1",
                "footer_logo": "/storage/647/dark.svg",
                "right_image": "/storage/142/footer-img.webp"
            },
            "seo": {
                "meta_title": "Taxido -    ",
                "meta_description": "     Taxido.             .",
                "meta_tags": "taxido, ride-hailing,   , ,  ,  ,  ,  ,   ,   .",
                "og_title": "Taxido -   ",
                "og_description": " Taxido   .        .       .",
                "meta_image": "/front/images/logo.svg"
            },
            "analytics": {
                "pixel_id": "XXXXXXXXXXXXX",
                "measurement_id": "UA-XXXXXX-XX",
                "pixel_status": "1",
                "tag_id": "XXXXXXXXXXXXX",
                "tag_id_status": "0",
                "tawk_to_property_id": "67d8fe867a4f781911920f32"
            },
            "cookie": {
                "title": null,
                "description": null,
                "content": null
            },
            "undefined": "1"
        },
        "_token": "S2rJDFVcPGkaMV3Or7vzZomQQn2o44xq9V18kxmv",
        "_method": "PUT",
        "header": {
            "menus": ["Home", "Why Taxido?", "How It Works", "FAQs", "Blogs", "Testimonials", "Raise Ticket"],
            "btn_text": " ",
            "status": "1",
            "logo": "/storage/754/dark.svg"
        },
        "home": {
            "title": "   ",
            "description": "                    .",
            "status": "1",
            "button": [
                {
                    "text": " ",
                    "type": "gradient",
                    "url": null
                },
                {
                    "text": " ",
                    "type": "outline",
                    "url": null
                }
            ],
            "bg_image": "",
            "left_phone_image": "/storage/773/Phone-2.png",
            "right_phone_image": "/storage/803/Phone-1.png"
        },
        "statistics": {
            "title": "  ",
            "description": "                  .",
            "status": "1",
            "counters": [
                {
                    "text": " ",
                    "description": "         .",
                    "count": "100000",
                    "icon": "/storage/144/ride.svg"
                },
                {
                    "text": " ",
                    "description": "       .",
                    "count": "50000",
                    "icon": "/storage/146/user.svg"
                },
                {
                    "text": " ",
                    "description": "        .",
                    "count": "30000",
                    "icon": "/storage/148/driver.svg"
                },
                {
                    "text": " ",
                    "description": "     .",
                    "count": "4.9",
                    "icon": "/storage/150/rating.svg"
                }
            ]
        },
        "feature": {
            "title": " Taxido    ",
            "description": " Taxido                 .",
            "status": "1",
            "images": [
                {
                    "title": "  ",
                    "description": "       .",
                    "image": "/storage/152/map.gif"
                },
                {
                    "title": "  ",
                    "description": "     .",
                    "image": "/storage/154/rent-vehicles.gif"
                },
                {
                    "title": " ",
                    "description": "        .",
                    "image": "/storage/156/booking-request.gif"
                },
                {
                    "title": "  ",
                    "description": "      .",
                    "image": "/storage/158/package.gif"
                },
                {
                    "title": "  ",
                    "description": "      .",
                    "image": "/storage/160/language.gif"
                },
                {
                    "title": "  ",
                    "description": "     .",
                    "image": "/storage/162/payment.gif"
                }
            ]
        },
        "ride": {
            "title": "  Taxido  ",
            "description": "    .            Taxido.",
            "status": "1",
            "step": [
                {
                    "title": " ",
                    "description": "       .",
                    "image": "/storage/801/home-screen.png"
                },
                {
                    "title": "  ",
                    "description": "        .",
                    "image": "/storage/758/locations.png"
                },
                {
                    "title": "  ",
                    "description": "        .",
                    "image": "/storage/760/vehicles.png"
                },
                {
                    "title": " ",
                    "description": "           .",
                    "image": "/storage/762/payout.png"
                },
                {
                    "title": " ",
                    "description": "       .",
                    "image": "/storage/764/rating.png"
                }
            ]
        },
        "blog": {
            "title": "    Taxido",
            "sub_title": "             Taxido.               .",
            "blogs": ["1", "2", "3", "4", "5", "6", "7", "8", "9"],
            "status": "1"
        },
        "testimonial": {
            "title": "  ",
            "sub_title": "    . Taxido           .",
            "testimonials": ["1", "2", "3", "4", "5", "6", "7", "8", "9", "10"],
            "status": "1"
        },
        "faq": {
            "title": " ",
            "sub_title": "            Taxido   .          .",
            "faqs": ["1", "2", "3", "4", "5", "6", "7", "8"],
            "status": "1"
        },
        "footer": {
            "description": "            Taxido!",
            "newsletter": {
                "label": "   ",
                "button_text": "",
                "placeholder": "   "
            },
            "app_store_url": "https://play.google.com/store/games?hl=en",
            "play_store_url": "https://www.apple.com/in/app-store/",
            "copyright": " Taxido    -",
            "social": {
                "facebook": null,
                "google": null,
                "instagram": null,
                "twitter": null,
                "whatsapp": null,
                "linkedin": null
            },
            "status": "1",
            "footer_logo": "/storage/647/dark.svg",
            "right_image": "/storage/142/footer-img.webp"
        },
        "seo": {
            "meta_title": "Taxido -    ",
            "meta_description": "     Taxido.             .",
            "meta_tags": "taxido, ride-hailing,   , ,  ,  ,  ,  ,   ,   .",
            "og_title": "Taxido -   ",
            "og_description": " Taxido   .        .       .",
            "meta_image": "/front/images/logo.svg"
        },
        "analytics": {
            "pixel_id": "XXXXXXXXXXXXX",
            "measurement_id": "UA-XXXXXX-XX",
            "pixel_status": "1",
            "tag_id": "XXXXXXXXXXXXX",
            "tag_id_status": "0",
            "tawk_to_property_id": "67d8fe867a4f781911920f32"
        },
        "cookie": {
            "title": null,
            "description": null,
            "content": null
        },
        "undefined": "1"
    }',
    NOW(),
    NOW()
);

DROP TABLE IF EXISTS `push_notifications_zones`, `coupon_categories`;

ALTER TABLE `coupons`
DROP COLUMN `is_first_ride`,
CHANGE `min_spend` `min_ride_fare` DECIMAL(15,2) DEFAULT 0 NULL;

ALTER TABLE `driver_wallet_histories`
CHANGE `ride_id` `order_id` BIGINT UNSIGNED NULL;

ALTER TABLE `rider_wallet_histories`
CHANGE `ride_id` `order_id` BIGINT UNSIGNED NULL;

ALTER TABLE `fleet_wallet_histories`
CHANGE `ride_id` `order_id` BIGINT UNSIGNED NULL;

ALTER TABLE `payment_accounts`
CHANGE COLUMN `ifsc` `routing_number` VARCHAR(255) NULL;

ALTER TABLE `vehicle_types` ADD COLUMN `max_seat` INT NULL AFTER `base_amount`;

ALTER TABLE `documents` ADD `need_expired_date` INT NULL DEFAULT '0' AFTER `is_required`;

ALTER TABLE `driver_documents` ADD `expired_at` TIMESTAMP NULL AFTER `document_image_id`;

UPDATE `taxido_settings` SET `taxido_values` = '{\n    \"wallet\": {\n        \"tip_denominations\": \"50\",\n        \"wallet_denominations\": \"50\",\n        \"driver_min_wallet_balance\": \"0\"\n    },\n    \"general\": {\n        \"greetings\": [\n            \"Hello , Good Morning\",\n            \"<p> Lets make today productive and successful! </p>\"\n        ],\n        \"ride_accept\": \"15\",\n        \"footer_branding_hashtag\": \"#GoTaxido\",\n        \"footer_branding_attribution\": \" Made by Pixelstrap\"\n    },\n    \"setting\": {\n        \"app_version\": \"1.0.4\",\n        \"splash_screen_id\": \"779\",\n        \"driver_app_version\": \"1.0.4\",\n        \"splash_driver_screen_id\": \"777\"\n    },\n    \"location\": {\n        \"map_provider\": \"google_map\",\n        \"radius_meter\": \"1000\",\n        \"radius_per_second\": \"10\",\n        \"google_map_api_key\": \"\"\n    },\n    \"referral\": {\n        \"interval\": \"month\",\n        \"validity\": \"3\",\n        \"referral_amount\": \"50\",\n        \"first_ride_discount\": \"30\"\n    },\n    \"undefined\": \"1\",\n    \"activation\": {\n        \"bidding\": \"0\",\n        \"ride_otp\": \"1\",\n        \"parcel_otp\": \"1\",\n        \"driver_tips\": \"1\",\n        \"fleet_wallet\": \"1\",\n        \"force_update\": \"1\",\n        \"rider_wallet\": \"1\",\n        \"cash_payments\": \"1\",\n        \"coupon_enable\": \"1\",\n        \"driver_wallet\": \"1\",\n        \"online_payments\": \"1\",\n        \"referral_enable\": \"1\",\n        \"driver_verification\": \"1\"\n    },\n    \"driver_commission\": {\n        \"status\": \"1\",\n        \"min_withdraw_amount\": \"500\",\n        \"fleet_commission_rate\": \"10\",\n        \"fleet_commission_type\": \"percentage\",\n        \"ambulance_per_km_charge\": \"1\",\n        \"ambulance_commission_rate\": \"20\",\n        \"ambulance_commission_type\": \"percentage\"\n    }\n}' WHERE `taxido_settings`.`id` = 1;

UPDATE `settings` SET `values` = '{\n    \"email\": {\n        \"mail_host\": \"ENTER_YOUR_HOST\",\n        \"mail_port\": 465,\n        \"mail_mailer\": \"smtp\",\n        \"mail_password\": \"ENTER_YOUR_PASSWORD\",\n        \"mail_username\": \"ENTER_YOUR_USERNAME\",\n        \"mail_from_name\": \"no-reply\",\n        \"mailgun_domain\": \"ENTER_YOUR_MAILGUN_DOMAIN\",\n        \"mailgun_secret\": \"ENTER_YOUR_MAILGUN_SECRET\",\n        \"mail_encryption\": \"ssl\",\n        \"system_test_mail\": true,\n        \"mail_from_address\": \"ENTER_YOUR_EMAIL@MAIL.COM\",\n        \"password_reset_mail\": true\n    },\n    \"general\": {\n        \"mode\": \"light\",\n        \"site_url\": \"http://127.0.0.1:8000\",\n        \"copyright\": \"Taxido theme by PixelStrap\",\n        \"site_name\": \"Taxido\",\n        \"platform_fees\": 10,\n        \"currency_symbol\": \"right\",\n        \"default_timezone\": \"UTC\",\n        \"favicon_image_id\": 4,\n        \"dark_logo_image_id\": 643,\n        \"default_currency_id\": 1,\n        \"default_language_id\": 1,\n        \"default_sms_gateway\": \"twilio\",\n        \"light_logo_image_id\": 641,\n        \"admin_site_language_direction\": \"ltr\"\n    },\n    \"firebase\": {\n        \"service_json\": null\n    },\n    \"readings\": {\n        \"status\": 1,\n        \"home_page\": null\n    },\n    \"analytics\": {\n        \"facebook_pixel\": {\n            \"status\": false,\n            \"pixel_id\": \"YOUR_PIXEL_ID\"\n        },\n        \"google_analytics\": {\n            \"status\": false,\n            \"measurement_id\": \"ENTER_YOUR_SECRET_KEY\"\n        }\n    },\n    \"activation\": {\n        \"cash\": true,\n        \"demo_mode\": true,\n        \"platform_fees\": true,\n        \"preloader_enabled\": true,\n        \"default_credentials\": true,\n        \"social_login_enable\": true\n    },\n    \"appearance\": {\n        \"font_family\": \"Inter\",\n        \"primary_color\": \"#199675\",\n        \"front_font_family\": \"DM Sans\",\n        \"sidebar_solid_color\": \"#199675\",\n        \"sidebar_background_type\": \"gradient\",\n        \"sidebar_gradient_color_1\": \"#199675\",\n        \"sidebar_gradient_color_2\": \"#212121\"\n    },\n    \"app_setting\": {\n        \"app_name\": \"Taxido\",\n        \"logo_image_id\": null,\n        \"app_store_link\": \"\",\n        \"play_store_link\": \"\",\n        \"privacy_policy_link\": \"\",\n        \"term_condition_link\": \"\"\n    },\n    \"maintenance\": {\n        \"content\": \"\",\n        \"maintenance_mode\": false\n    },\n    \"social_login\": {\n        \"apple\": {\n            \"client_id\": \"\",\n            \"client_secret\": \"\"\n        },\n        \"google\": {\n            \"client_id\": \"385954585063-alkuv99a6crlch8jd8i4tfefucpd98sv.apps.googleusercontent.com\",\n            \"client_secret\": \"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\"\n        },\n        \"facebook\": {\n            \"client_id\": \"\",\n            \"client_secret\": \"\"\n        }\n    },\n    \"google_reCaptcha\": {\n        \"secret\": \"ENTER_YOUR_SECRET_KEY\",\n        \"status\": false,\n        \"site_key\": \"ENTER_YOUR_SITE_KEY\"\n    },\n    \"admin_commissions\": {\n        \"status\": \"1\",\n        \"min_withdraw_amount\": 500,\n        \"default_commission_rate\": 10\n    },\n    \"media_configuration\": {\n        \"aws_bucket\": \"ENTER_YOUR_AWS_BUCKET\",\n        \"media_disk\": \"public\",\n        \"aws_access_key_id\": \"ENTER_YOUR_AWS_ACCESS_KEY\",\n        \"aws_default_region\": \"ENTER_YOUR_AWS_DEFAULT_REGION\",\n        \"aws_secret_access_key\": \"ENTER_YOUR_AWS_SECRET_KEY\"\n    }\n}' WHERE `settings`.`id` = 1;

SET FOREIGN_KEY_CHECKS=1;

COMMIT;
